,SEASON,SCHOOL,CONF,G,GS,MP,FG,FGA,FG%,2P,2PA,2P%,3P,3PA,FT,FTA,FT%,ORB,DRB,TRB,AST,STL,BLK,TOV,PF,PTS,COLLEGE_URL,3P%
0,2012-13,Pitt,Big East,17,17,24.3,2.9,5.4,0.543,2.9,5.4,0.543,0.0,0.0,1.0,2.1,0.472,2.5,3.6,6.1,0.6,0.6,2.2,1.1,1.7,6.9,/players/steven-adams-1.html,
1,2016-17,Kentucky,SEC,18,18,30.9,4.8,7.2,0.667,4.8,7.1,0.672,0.0,0.1,4.4,6.5,0.675,2.6,4.8,7.4,0.4,0.8,1.6,1.7,2.7,13.9,/players/edrice-adebayo-1.html,0.0
2,2016-17,Texas,Big 12,18,18,34.6,6.6,10.9,0.599,6.6,10.8,0.608,0.0,0.2,3.1,5.2,0.585,3.3,6.5,9.8,0.7,0.7,1.7,2.8,1.9,16.2,/players/jarrett-allen-1.html,0.0
3,2017-18,Dayton,A-10,16,0,13.3,1.8,2.9,0.609,1.7,2.6,0.659,0.1,0.3,1.6,2.9,0.565,0.9,1.7,2.6,0.4,0.2,0.7,1.1,1.7,5.2,/players/kostas-antetokounmpo-1.html,0.2
4,2015-16,Indiana,Big Ten,18,0,15.6,2.2,4.2,0.533,1.7,2.9,0.585,0.5,1.2,0.9,1.6,0.552,1.3,2.0,3.3,0.6,0.9,0.7,0.6,1.7,5.8,/players/og-anunoby-1.html,0.409
5,2016-17,Indiana,Big Ten,6,3,25.5,3.5,7.3,0.477,3.0,5.5,0.545,0.5,1.8,1.7,2.7,0.625,1.8,2.7,4.5,1.5,1.8,1.0,2.2,2.0,9.2,/players/og-anunoby-1.html,0.273
6,2017-18,Arizona,Pac-12,18,18,34.6,7.7,12.6,0.615,7.5,12.1,0.622,0.2,0.5,4.5,5.8,0.771,3.6,7.8,11.4,1.6,0.5,2.3,2.1,2.2,20.2,/players/deandre-ayton-1.html,0.444
7,2017-18,Duke,ACC,14,13,35.2,7.8,13.2,0.589,7.2,11.5,0.627,0.6,1.7,4.0,6.4,0.622,4.1,7.8,11.9,1.4,1.1,1.1,2.6,1.8,20.1,/players/marvin-bagleyiii-1.html,0.333
8,2016-17,UCLA,Pac-12,18,18,35.2,5.8,10.2,0.568,3.5,4.7,0.741,2.3,5.4,1.9,2.8,0.667,1.1,5.4,6.5,7.4,2.3,0.7,2.6,1.9,15.7,/players/lonzo-ball-1.html,0.418
9,2016-17,TCU,Big 12,18,0,17.2,2.0,4.2,0.474,1.6,2.7,0.583,0.4,1.6,0.4,0.7,0.667,0.7,1.9,2.7,0.7,0.2,0.3,1.1,1.9,4.9,/players/desmond-bane-1.html,0.286
10,2017-18,TCU,Big 12,18,17,31.3,4.7,8.8,0.532,3.0,5.1,0.593,1.7,3.7,2.4,2.9,0.827,0.6,3.3,3.8,2.6,0.9,0.2,1.7,2.3,13.4,/players/desmond-bane-1.html,0.448
11,2018-19,TCU,Big 12,18,18,37.0,6.2,12.7,0.491,4.2,8.2,0.51,2.1,4.5,1.6,1.8,0.879,1.7,3.8,5.4,1.9,1.2,0.3,1.6,2.8,16.1,/players/desmond-bane-1.html,0.457
12,2019-20,TCU,Big 12,18,18,36.0,6.1,14.0,0.437,2.9,6.9,0.419,3.2,7.1,1.3,1.7,0.774,1.2,4.8,6.0,4.1,1.3,0.6,2.5,2.2,16.8,/players/desmond-bane-1.html,0.453
13,2010-11,UNC,ACC,16,15,28.5,5.9,13.8,0.43,4.3,8.6,0.493,1.7,5.2,2.4,3.1,0.76,2.0,3.6,5.6,1.1,0.6,0.5,1.9,1.7,15.9,/players/harrison-barnes-1.html,0.325
14,2011-12,UNC,ACC,16,15,30.1,6.1,14.2,0.432,4.8,10.3,0.467,1.3,3.9,4.0,5.4,0.736,2.1,3.3,5.4,0.9,1.1,0.3,1.8,2.1,17.6,/players/harrison-barnes-1.html,0.339
15,2020-21,Florida State,ACC,14,2,23.9,4.2,8.4,0.504,3.9,6.8,0.568,0.4,1.6,1.9,2.9,0.675,1.6,2.9,4.6,4.1,1.5,0.6,2.1,2.3,10.7,/players/scottie-barnes-1.html,0.227
16,2011-12,Florida,SEC,16,16,34.6,4.3,9.9,0.434,2.9,5.6,0.528,1.4,4.4,4.4,5.3,0.824,1.3,5.8,7.0,1.9,1.4,0.9,1.9,2.4,14.4,/players/bradley-beal-1.html,0.314
17,2014-15,Oregon,Pac-12,17,14,25.9,2.4,3.8,0.615,2.4,3.8,0.615,0.0,0.0,0.5,1.1,0.5,1.9,4.2,6.1,1.4,1.0,2.4,1.0,3.0,5.2,/players/jordan-bell-1.html,
18,2015-16,Oregon,Pac-12,18,1,19.4,2.8,4.6,0.614,2.8,4.6,0.614,0.0,0.0,0.9,1.8,0.485,1.4,3.2,4.7,1.2,0.8,1.4,1.6,2.6,6.6,/players/jordan-bell-1.html,
19,2016-17,Oregon,Pac-12,18,18,28.3,4.8,7.3,0.656,4.7,6.9,0.68,0.1,0.3,1.6,2.4,0.659,2.4,5.2,7.6,2.4,1.6,1.7,1.3,1.9,11.2,/players/jordan-bell-1.html,0.167
20,2018-19,Villanova,Big East,18,15,31.2,3.4,7.0,0.484,1.7,2.9,0.566,1.7,4.1,0.5,0.9,0.563,2.5,3.1,5.6,1.2,1.0,0.2,0.7,2.3,9.0,/players/saddiq-bey-1.html,0.425
21,2019-20,Villanova,Big East,18,18,35.3,5.9,12.6,0.469,2.6,5.8,0.452,3.3,6.8,2.2,3.0,0.741,1.1,3.1,4.2,2.1,0.9,0.3,1.7,2.6,17.3,/players/saddiq-bey-1.html,0.484
22,2014-15,Kentucky,SEC,18,0,23.7,4.0,8.5,0.471,2.4,4.8,0.512,1.6,3.7,1.9,2.4,0.814,0.6,1.7,2.2,1.2,0.3,0.0,0.9,1.3,11.5,/players/devin-booker-2.html,0.418
23,2015-16,Oregon,Pac-12,18,17,26.2,4.2,7.4,0.56,3.1,4.2,0.724,1.1,3.2,2.8,3.7,0.758,2.3,4.4,6.7,0.4,0.8,3.1,0.7,3.0,12.2,/players/chris-boucher-1.html,0.345
24,2016-17,Oregon,Pac-12,18,1,22.4,4.1,8.6,0.481,2.8,4.8,0.575,1.3,3.7,1.3,2.4,0.535,1.2,4.1,5.3,0.3,0.3,2.3,0.8,2.6,10.8,/players/chris-boucher-1.html,0.358
25,2015-16,Villanova,Big East,18,0,20.1,2.0,3.6,0.554,1.6,2.3,0.707,0.4,1.3,1.6,1.9,0.824,0.7,2.2,2.8,0.8,0.9,0.7,0.5,2.7,5.9,/players/mikal-bridges-1.html,0.292
26,2016-17,Villanova,Big East,18,18,31.2,3.6,6.9,0.524,2.3,3.4,0.661,1.3,3.4,1.7,1.8,0.939,1.1,3.6,4.7,1.7,2.1,1.1,1.7,2.7,10.3,/players/mikal-bridges-1.html,0.387
27,2017-18,Villanova,Big East,18,18,33.7,6.4,12.6,0.513,3.9,6.3,0.623,2.5,6.2,2.8,3.2,0.879,1.3,3.7,5.1,2.2,1.4,0.9,1.5,2.6,18.2,/players/mikal-bridges-1.html,0.402
28,2011-12,Virginia,ACC,14,1,23.8,2.5,5.7,0.438,1.8,3.4,0.521,0.7,2.3,0.8,1.1,0.733,0.5,1.9,2.4,1.0,0.6,0.1,1.4,1.4,6.5,/players/malcolm-brogdon-1.html,0.313
29,2013-14,Virginia,ACC,18,18,33.3,4.8,10.8,0.446,3.6,7.9,0.458,1.2,2.9,3.9,4.4,0.888,1.2,4.6,5.8,3.2,1.3,0.1,0.9,1.8,14.8,/players/malcolm-brogdon-1.html,0.415
30,2014-15,Virginia,ACC,18,18,34.2,4.8,11.3,0.422,3.3,7.3,0.458,1.4,4.1,2.9,3.2,0.897,0.4,3.8,4.2,2.3,0.9,0.4,1.8,2.2,13.9,/players/malcolm-brogdon-1.html,0.356
31,2015-16,Virginia,ACC,18,18,34.8,6.9,13.8,0.502,4.8,8.6,0.558,2.2,5.3,3.9,4.3,0.909,0.4,3.6,4.1,2.6,0.9,0.2,1.8,2.2,19.9,/players/malcolm-brogdon-1.html,0.411
32,2010-11,Providence,Big East,18,17,38.7,9.0,19.1,0.471,6.9,12.8,0.543,2.1,6.3,5.9,7.7,0.77,2.1,3.8,5.9,2.5,1.2,1.1,3.2,3.1,26.0,/players/marshon-brooks-1.html,0.325
33,2015-16,California,Pac-12,18,18,29.2,5.3,11.4,0.461,4.2,8.4,0.503,1.1,3.1,4.3,6.6,0.647,1.0,4.6,5.6,2.3,0.8,0.9,2.9,2.9,15.9,/players/jaylen-brown-1.html,0.345
34,2014-15,Elon,CAA,18,11,27.7,4.4,12.1,0.369,2.9,7.8,0.369,1.6,4.2,4.5,6.2,0.723,1.5,3.4,4.9,3.3,1.2,0.4,3.4,2.8,14.9,/players/elijah-bryant-1.html,0.368
35,2016-17,BYU,WCC,16,7,27.1,4.3,9.3,0.456,2.8,5.1,0.549,1.4,4.2,3.3,4.2,0.776,0.7,3.1,3.8,2.7,0.9,0.4,1.6,2.4,13.2,/players/elijah-bryant-1.html,0.343
36,2017-18,BYU,WCC,18,18,36.3,5.9,12.3,0.484,3.4,5.8,0.59,2.5,6.4,4.1,4.7,0.869,0.3,6.7,7.0,2.5,1.3,0.6,2.6,2.2,18.4,/players/elijah-bryant-1.html,0.388
37,2011-12,Michigan,Big Ten,18,17,37.6,5.3,12.2,0.436,3.7,7.8,0.471,1.7,4.4,3.4,4.4,0.775,0.7,2.8,3.4,4.3,0.9,0.4,2.6,1.4,15.8,/players/trey-burke-1.html,0.375
38,2012-13,Michigan,Big Ten,18,18,36.6,6.9,15.2,0.454,4.8,9.9,0.48,2.1,5.2,4.3,5.4,0.794,0.6,2.7,3.3,6.4,2.0,0.4,2.0,2.0,20.2,/players/trey-burke-1.html,0.404
39,2010-11,Marquette,Big East,18,16,36.6,5.3,10.7,0.495,4.8,9.1,0.524,0.5,1.6,5.7,7.1,0.805,2.6,3.4,6.1,2.1,1.4,0.4,1.5,1.5,16.8,/players/jimmy-butler-1.html,0.321
40,2015-16,UNC Wilmington,CAA,14,3,6.3,0.7,1.1,0.667,0.7,1.1,0.667,0.0,0.0,0.2,0.7,0.3,0.7,1.7,2.4,0.0,0.3,0.1,0.4,1.5,1.6,/players/devontae-cacok-1.html,
41,2016-17,UNC Wilmington,CAA,18,17,26.8,4.8,6.3,0.763,4.8,6.3,0.763,0.0,0.0,1.8,3.2,0.579,4.0,6.4,10.4,0.2,1.4,1.4,1.3,3.3,11.5,/players/devontae-cacok-1.html,
42,2017-18,UNC Wilmington,CAA,18,16,31.6,6.8,12.4,0.547,6.8,12.4,0.547,0.0,0.0,3.7,6.1,0.6,5.4,9.1,14.5,0.7,1.1,0.7,2.1,3.9,17.2,/players/devontae-cacok-1.html,
43,2018-19,UNC Wilmington,CAA,18,17,30.8,6.6,11.2,0.584,6.5,11.2,0.582,0.1,0.1,2.7,4.6,0.578,4.4,9.2,13.6,0.9,0.9,0.6,2.2,3.3,15.8,/players/devontae-cacok-1.html,1.0
44,2011-12,Georgia,SEC,16,15,33.8,4.8,12.2,0.39,2.6,5.4,0.488,2.1,6.8,1.5,2.1,0.727,1.1,4.0,5.1,1.2,2.0,0.3,1.1,1.9,13.1,/players/kentavious-caldwell-pope-1.html,0.312
45,2012-13,Georgia,SEC,18,17,34.1,5.7,13.1,0.438,3.1,6.4,0.478,2.7,6.7,4.3,5.2,0.839,0.9,5.7,6.6,1.7,1.9,0.6,2.1,2.0,18.4,/players/kentavious-caldwell-pope-1.html,0.4
46,2011-12,Syracuse,Big East,12,0,8.0,1.0,1.5,0.667,0.6,0.9,0.636,0.4,0.6,0.3,0.5,0.667,0.3,0.8,1.1,1.3,0.6,0.1,0.4,0.9,2.8,/players/michael-carter-williams-1.html,0.714
47,2012-13,Syracuse,Big East,18,18,36.8,4.2,10.7,0.391,3.2,7.3,0.435,1.0,3.4,3.4,4.4,0.775,1.5,3.0,4.5,5.7,2.7,0.4,2.9,2.3,12.8,/players/michael-carter-williams-1.html,0.295
48,2012-13,Texas A&M,SEC,18,10,25.8,2.0,5.7,0.353,1.5,3.9,0.386,0.5,1.8,1.2,2.1,0.568,0.8,2.3,3.1,3.4,1.8,0.3,2.6,3.5,5.7,/players/alex-caruso-1.html,0.281
49,2013-14,Texas A&M,SEC,18,17,30.4,2.7,6.2,0.429,2.2,4.6,0.482,0.4,1.6,2.2,3.3,0.661,0.3,3.1,3.4,4.9,1.9,0.6,2.2,3.1,7.9,/players/alex-caruso-1.html,0.276
50,2014-15,Texas A&M,SEC,18,18,33.6,3.4,7.6,0.456,2.3,4.8,0.483,1.1,2.7,2.1,2.9,0.717,0.7,4.5,5.2,5.1,1.8,0.1,3.1,2.2,10.1,/players/alex-caruso-1.html,0.408
51,2015-16,Texas A&M,SEC,18,18,29.2,2.9,5.9,0.495,1.9,3.8,0.507,1.0,2.1,1.5,2.0,0.75,0.9,2.6,3.5,5.2,1.9,0.4,2.1,2.5,8.4,/players/alex-caruso-1.html,0.474
52,2012-13,Kentucky,SEC,14,10,25.1,3.9,6.0,0.643,3.9,6.0,0.643,0.0,0.0,1.2,3.4,0.362,2.3,4.1,6.4,0.9,0.7,2.2,2.0,2.9,8.9,/players/willie-cauley-stein-1.html,
53,2013-14,Kentucky,SEC,18,9,22.3,2.6,4.6,0.573,2.6,4.6,0.573,0.0,0.0,1.1,2.3,0.488,2.2,2.7,4.9,0.5,1.2,1.9,0.9,2.6,6.3,/players/willie-cauley-stein-1.html,
54,2014-15,Kentucky,SEC,18,17,26.3,3.1,5.4,0.571,3.1,5.4,0.571,0.0,0.0,1.8,3.2,0.561,2.1,4.1,6.2,0.9,1.1,1.5,1.7,2.1,8.0,/players/willie-cauley-stein-1.html,
55,2015-16,Washington,Pac-12,18,18,25.9,5.2,9.7,0.531,4.6,7.8,0.586,0.6,1.9,2.2,3.3,0.661,2.7,2.8,5.4,0.8,0.8,1.7,1.9,4.4,13.1,/players/marquese-chriss-1.html,0.314
56,2010-11,Belmont,A-Sun,20,20,25.3,4.6,9.2,0.5,2.3,4.1,0.561,2.3,5.1,1.4,1.7,0.848,0.5,2.1,2.6,1.9,1.1,0.2,1.3,2.0,12.9,/players/ian-clark-1.html,0.451
57,2011-12,Belmont,A-Sun,18,18,27.6,4.8,10.1,0.473,1.9,3.2,0.586,2.9,6.9,1.3,1.6,0.821,0.4,2.5,2.9,2.9,0.9,0.1,1.0,2.1,13.7,/players/ian-clark-1.html,0.419
58,2012-13,Belmont,OVC,16,15,33.1,6.8,12.1,0.557,3.9,6.0,0.646,2.9,6.1,2.3,2.8,0.822,0.3,3.1,3.3,2.9,2.1,0.1,2.6,1.9,18.7,/players/ian-clark-1.html,0.469
59,2015-16,San Jose State,MWC,18,0,26.7,3.8,5.5,0.687,3.7,5.3,0.698,0.1,0.2,1.9,3.5,0.556,2.7,4.7,7.3,1.7,0.8,1.7,1.3,2.1,9.6,/players/brandon-clarke-1.html,0.333
60,2016-17,San Jose State,MWC,18,18,34.6,8.3,13.4,0.616,8.2,13.4,0.614,0.1,0.1,2.7,5.0,0.533,2.8,6.4,9.2,2.7,1.1,2.7,2.1,2.4,19.3,/players/brandon-clarke-1.html,1.0
61,2018-19,Gonzaga,WCC,16,15,27.6,6.7,9.8,0.682,6.6,9.3,0.705,0.1,0.5,2.7,3.7,0.729,2.8,5.9,8.6,1.8,0.8,3.3,1.0,1.9,16.2,/players/brandon-clarke-1.html,0.25
62,2010-11,Tulsa,CUSA,15,0,24.5,3.2,7.9,0.403,2.3,5.0,0.467,0.9,2.9,3.7,4.5,0.821,0.2,1.7,1.9,2.0,0.9,0.2,2.3,2.3,10.9,/players/jordan-clarkson-1.html,0.295
63,2011-12,Tulsa,CUSA,16,16,34.7,6.0,12.4,0.485,4.2,8.3,0.504,1.8,4.1,3.6,4.1,0.864,0.8,2.5,3.3,2.6,1.1,0.6,2.5,2.0,17.4,/players/jordan-clarkson-1.html,0.446
64,2013-14,Missouri,SEC,18,18,35.9,5.7,13.4,0.421,4.8,10.2,0.467,0.9,3.2,5.0,6.1,0.826,0.8,3.6,4.4,3.0,0.9,0.1,2.6,2.1,17.2,/players/jordan-clarkson-1.html,0.276
65,2010-11,Cleveland State,Horizon,18,18,36.0,6.7,15.1,0.446,5.5,11.3,0.485,1.2,3.7,6.1,7.3,0.84,0.7,6.5,7.2,6.3,2.1,0.0,3.1,2.4,20.8,/players/norris-cole-1.html,0.328
66,2015-16,Wake Forest,ACC,18,1,13.9,2.2,4.5,0.494,2.2,4.5,0.494,0.0,0.0,1.9,2.9,0.66,1.4,1.8,3.2,0.3,0.4,0.5,0.9,2.6,6.4,/players/john-collins-1.html,
67,2016-17,Wake Forest,ACC,18,18,27.2,7.7,12.0,0.639,7.7,12.0,0.639,0.0,0.0,4.9,6.5,0.761,3.8,5.5,9.3,0.6,0.6,1.6,1.9,3.1,20.3,/players/john-collins-1.html,
68,2015-16,Wake Forest,ACC,18,1,13.9,2.2,4.5,0.494,2.2,4.5,0.494,0.0,0.0,1.9,2.9,0.66,1.4,1.8,3.2,0.3,0.4,0.5,0.9,2.6,6.4,/players/john-collins-1.html,
69,2016-17,Wake Forest,ACC,18,18,27.2,7.7,12.0,0.639,7.7,12.0,0.639,0.0,0.0,4.9,6.5,0.761,3.8,5.5,9.3,0.6,0.6,1.6,1.9,3.1,20.3,/players/john-collins-1.html,
70,2011-12,Notre Dame,Big East,18,12,22.4,2.4,5.8,0.41,1.1,1.9,0.559,1.3,3.9,0.2,0.3,0.667,0.9,3.7,4.6,1.0,0.6,0.2,0.8,1.6,6.3,/players/pat-connaughton-1.html,0.338
71,2012-13,Notre Dame,Big East,18,18,32.6,2.7,6.8,0.398,1.5,2.9,0.509,1.2,3.9,1.2,1.7,0.733,0.9,3.9,4.8,1.9,0.3,0.3,0.9,1.7,7.9,/players/pat-connaughton-1.html,0.314
72,2013-14,Notre Dame,ACC,18,18,39.0,4.8,11.3,0.426,2.6,4.6,0.561,2.3,6.8,1.9,2.2,0.875,1.2,5.9,7.1,3.3,0.8,0.4,1.3,1.5,13.9,/players/pat-connaughton-1.html,0.336
73,2014-15,Notre Dame,ACC,18,18,37.2,3.8,9.2,0.416,1.4,3.2,0.439,2.4,6.1,1.3,1.7,0.767,1.1,6.4,7.5,1.3,0.5,0.9,0.8,2.2,11.4,/players/pat-connaughton-1.html,0.404
74,2011-12,Duke,ACC,15,4,12.9,1.4,3.7,0.382,1.0,1.9,0.536,0.4,1.8,0.8,1.3,0.632,0.0,0.9,0.9,1.8,0.3,0.0,0.6,0.9,4.0,/players/quinn-cook-1.html,0.222
75,2012-13,Duke,ACC,18,18,35.0,5.0,11.7,0.427,3.1,6.8,0.447,1.9,4.9,1.7,1.8,0.909,0.6,3.2,3.8,5.1,1.3,0.2,2.2,2.6,13.6,/players/quinn-cook-1.html,0.398
76,2013-14,Duke,ACC,18,9,27.2,3.3,8.9,0.373,1.6,3.8,0.426,1.7,5.2,1.8,2.2,0.825,0.3,1.2,1.4,3.1,1.0,0.0,1.6,2.0,10.2,/players/quinn-cook-1.html,0.333
77,2014-15,Duke,ACC,18,18,37.9,5.6,12.6,0.442,2.6,5.2,0.505,2.9,7.4,2.8,3.3,0.85,0.4,3.4,3.9,2.6,0.8,0.1,1.3,2.0,16.9,/players/quinn-cook-1.html,0.398
78,2010-11,Tennessee State,OVC,18,18,32.4,4.9,9.5,0.515,3.5,6.8,0.512,1.4,2.7,2.2,2.7,0.816,2.3,5.8,8.1,1.3,1.3,1.0,2.2,3.3,13.4,/players/robert-covington-1.html,0.521
79,2011-12,Tennessee State,OVC,16,16,32.8,7.0,13.3,0.526,4.9,8.8,0.564,2.1,4.6,3.1,4.1,0.742,3.8,4.8,8.6,1.0,1.5,1.3,2.3,3.3,19.1,/players/robert-covington-1.html,0.452
80,2012-13,Tennessee State,OVC,7,5,30.4,5.1,10.6,0.486,3.6,7.6,0.472,1.6,3.0,4.9,5.6,0.872,2.6,5.3,7.9,1.6,2.3,1.9,1.9,2.0,16.7,/players/robert-covington-1.html,0.524
81,2020-21,Oklahoma State,Big 12,15,15,36.3,6.5,14.6,0.443,4.3,9.3,0.46,2.2,5.3,5.0,5.9,0.843,0.8,5.7,6.5,3.3,1.3,0.9,4.5,2.7,20.1,/players/cade-cunningham-1.html,0.413
82,2011-12,Kentucky,SEC,16,16,33.4,6.1,9.0,0.674,5.9,8.5,0.699,0.1,0.5,3.7,4.8,0.766,2.9,6.2,9.1,0.8,1.4,4.9,0.6,1.6,15.9,/players/anthony-davis-5.html,0.25
83,2015-16,Ole Miss,SEC,13,0,7.5,0.8,1.8,0.435,0.5,1.0,0.538,0.2,0.8,0.5,1.3,0.412,0.3,0.6,0.9,0.5,0.5,0.2,0.3,1.3,2.3,/players/terence-davis-1.html,0.3
84,2016-17,Ole Miss,SEC,18,15,26.3,5.6,12.3,0.455,4.4,8.2,0.537,1.2,4.2,2.7,3.6,0.75,1.3,3.9,5.3,1.9,1.4,0.2,1.9,3.4,15.1,/players/terence-davis-1.html,0.293
85,2017-18,Ole Miss,SEC,18,13,27.0,4.3,11.8,0.366,2.9,6.6,0.445,1.4,5.2,2.4,3.3,0.717,1.6,4.7,6.3,1.7,0.8,0.8,1.7,3.1,12.4,/players/terence-davis-1.html,0.266
86,2018-19,Ole Miss,SEC,18,17,31.1,5.4,12.3,0.439,3.3,6.5,0.504,2.1,5.8,2.6,3.3,0.783,1.1,5.2,6.2,2.9,1.8,0.4,2.4,2.9,15.5,/players/terence-davis-1.html,0.365
87,2010-11,Saint Mary's,WCC,14,14,37.1,3.9,10.1,0.387,1.9,4.9,0.382,2.1,5.3,3.4,3.9,0.889,1.2,2.4,3.6,4.9,1.3,0.0,2.6,2.2,13.4,/players/matthew-dellavedova-1.html,0.392
88,2011-12,Saint Mary's,WCC,16,16,38.4,4.9,10.7,0.462,3.1,5.9,0.532,1.8,4.8,4.8,5.8,0.826,0.8,2.9,3.8,6.6,0.8,0.1,2.6,1.8,16.4,/players/matthew-dellavedova-1.html,0.377
89,2012-13,Saint Mary's,WCC,16,16,35.1,4.7,12.1,0.389,2.4,5.5,0.432,2.3,6.6,3.9,4.6,0.849,0.5,3.1,3.6,6.0,1.3,0.2,2.4,1.6,15.6,/players/matthew-dellavedova-1.html,0.352
90,2016-17,Villanova,Big East,18,0,27.6,2.9,6.6,0.441,2.1,3.6,0.594,0.8,3.0,1.7,2.2,0.775,0.9,2.2,3.1,1.9,0.8,0.2,1.6,1.7,8.3,/players/donte-divincenzo-1.html,0.259
91,2017-18,Villanova,Big East,18,9,31.5,5.3,10.9,0.487,3.1,4.9,0.625,2.3,6.1,1.8,2.6,0.681,0.9,3.8,4.7,3.9,1.4,0.2,1.9,1.9,14.7,/players/donte-divincenzo-1.html,0.376
92,2016-17,Virginia,ACC,18,0,13.4,1.1,1.9,0.559,1.1,1.7,0.633,0.0,0.2,0.7,1.2,0.571,0.7,1.5,2.2,0.3,0.3,1.0,0.4,2.3,2.8,/players/mamadi-diakite-1.html,0.0
93,2017-18,Virginia,ACC,18,0,12.8,1.7,3.0,0.556,1.7,3.0,0.556,0.0,0.0,0.9,1.2,0.81,0.4,1.8,2.2,0.2,0.4,0.4,0.7,1.9,4.3,/players/mamadi-diakite-1.html,
94,2018-19,Virginia,ACC,18,11,22.5,3.2,6.2,0.523,3.1,5.8,0.533,0.1,0.3,1.0,1.4,0.692,1.7,2.8,4.6,0.3,0.3,2.1,0.9,2.2,7.6,/players/mamadi-diakite-1.html,0.333
95,2019-20,Virginia,ACC,20,20,33.6,5.0,10.1,0.49,4.5,8.6,0.52,0.5,1.6,3.1,4.0,0.775,1.7,5.0,6.7,0.8,0.6,1.4,2.3,2.3,13.5,/players/mamadi-diakite-1.html,0.323
96,2010-11,Louisville,Big East,13,5,17.2,2.4,3.9,0.608,2.4,3.9,0.608,0.0,0.0,1.2,2.2,0.552,1.6,2.5,4.2,1.0,0.6,1.9,0.9,2.2,6.0,/players/gorgui-dieng-1.html,
97,2011-12,Louisville,Big East,18,18,33.2,3.6,7.1,0.504,3.6,7.1,0.504,0.0,0.0,1.7,2.6,0.674,2.9,5.8,8.7,1.2,1.5,3.2,2.2,3.6,8.8,/players/gorgui-dieng-1.html,
98,2012-13,Louisville,Big East,18,18,34.1,4.1,7.9,0.517,4.1,7.9,0.517,0.0,0.0,2.9,4.3,0.688,3.6,7.2,10.8,1.8,1.4,2.8,2.1,2.4,11.2,/players/gorgui-dieng-1.html,
99,2018-19,Illinois,Big Ten,20,20,32.6,5.3,12.3,0.433,3.7,7.6,0.487,1.6,4.7,2.6,3.6,0.732,0.7,3.0,3.7,3.3,1.3,0.3,2.4,1.9,14.8,/players/ayo-dosunmu-1.html,0.344
100,2019-20,Illinois,Big Ten,19,19,35.5,6.6,13.9,0.472,5.7,11.1,0.517,0.8,2.8,2.7,3.7,0.743,0.7,4.4,5.1,3.5,0.6,0.3,2.7,1.5,16.7,/players/ayo-dosunmu-1.html,0.296
101,2020-21,Illinois,Big Ten,17,17,35.2,7.3,15.4,0.475,6.2,12.5,0.493,1.1,2.8,3.8,4.9,0.774,1.2,4.5,5.7,5.2,1.1,0.2,3.2,1.9,19.5,/players/ayo-dosunmu-1.html,0.396
102,2011-12,UConn,Big East,18,18,30.7,4.9,9.7,0.503,4.9,9.6,0.509,0.0,0.1,0.7,2.6,0.283,3.6,5.1,8.6,0.6,0.8,2.6,1.8,2.3,10.5,/players/andre-drummond-1.html,0.0
103,2019-20,Oregon,Pac-12,15,15,33.2,4.6,11.7,0.392,3.0,6.5,0.464,1.6,5.3,2.6,3.3,0.796,1.5,4.6,6.1,1.6,2.3,0.7,1.4,1.9,13.4,/players/chris-duarte-1.html,0.304
104,2020-21,Oregon,Pac-12,16,16,34.5,6.4,12.1,0.528,3.8,6.3,0.61,2.6,5.8,2.6,3.4,0.764,0.7,4.1,4.8,2.3,1.9,0.8,2.4,1.4,17.9,/players/chris-duarte-1.html,0.441
105,2019-20,Georgia,SEC,18,18,35.2,6.6,16.1,0.408,4.1,7.7,0.536,2.4,8.4,4.7,5.9,0.794,0.8,4.8,5.6,2.5,1.2,0.6,2.9,2.4,20.3,/players/anthony-edwards-2.html,0.291
106,2013-14,Kansas,Big 12,15,15,24.2,3.9,6.5,0.598,3.8,6.3,0.606,0.1,0.2,3.7,5.2,0.705,2.4,6.4,8.8,1.4,0.8,2.6,2.9,3.2,11.5,/players/joel-embiid-1.html,0.333
107,2010-11,Vanderbilt,SEC,16,16,25.3,4.1,7.8,0.528,4.1,7.8,0.528,0.0,0.0,4.8,6.8,0.706,2.6,3.4,6.0,0.2,0.6,3.0,2.1,2.9,13.1,/players/festus-ezeli-1.html,
108,2011-12,Vanderbilt,SEC,16,16,23.2,3.6,6.7,0.542,3.6,6.7,0.542,0.0,0.0,2.9,5.2,0.566,2.3,3.2,5.4,0.3,0.3,2.3,2.3,3.4,10.2,/players/festus-ezeli-1.html,
109,2010-11,Morehead State,OVC,18,17,35.4,6.1,10.4,0.588,6.1,10.4,0.588,0.0,0.0,4.2,8.0,0.521,6.3,8.8,15.2,1.3,1.8,2.4,2.8,3.4,16.4,/players/kenneth-faried-1.html,
110,2012-13,Indiana,Big Ten,18,18,29.3,2.9,6.8,0.426,2.0,4.2,0.474,0.9,2.6,1.9,2.6,0.745,0.4,2.1,2.5,3.4,0.8,0.1,2.0,1.9,8.6,/players/kevin-ferrell-1.html,0.348
111,2013-14,Indiana,Big Ten,18,18,36.3,5.3,13.2,0.405,2.5,6.0,0.417,2.8,7.2,4.3,5.2,0.819,0.3,2.5,2.8,3.8,0.8,0.0,2.6,1.7,17.8,/players/kevin-ferrell-1.html,0.395
112,2014-15,Indiana,Big Ten,18,18,36.6,5.1,12.1,0.424,2.6,5.7,0.461,2.5,6.4,2.4,3.0,0.815,0.7,2.6,3.3,5.2,0.6,0.0,1.7,1.7,15.2,/players/kevin-ferrell-1.html,0.391
113,2015-16,Indiana,Big Ten,18,18,36.0,5.8,13.1,0.443,3.2,7.0,0.452,2.6,6.1,3.7,4.6,0.795,0.7,2.6,3.3,5.1,1.3,0.1,2.8,1.8,17.8,/players/kevin-ferrell-1.html,0.431
114,2012-13,Cleveland State,Horizon,16,15,33.6,5.1,11.1,0.455,2.6,5.4,0.488,2.4,5.8,2.4,2.6,0.905,0.6,3.8,4.4,1.3,1.1,0.1,1.6,2.1,14.9,/players/bryn-forbes-1.html,0.424
115,2013-14,Cleveland State,Horizon,15,15,34.7,4.2,11.0,0.382,2.1,5.2,0.397,2.1,5.8,2.7,3.7,0.732,0.6,2.1,2.7,1.5,0.5,0.0,1.3,1.5,13.3,/players/bryn-forbes-1.html,0.368
116,2014-15,Michigan State,Big Ten,18,12,25.9,2.8,6.7,0.425,1.2,2.6,0.457,1.7,4.1,0.9,1.2,0.727,0.3,1.1,1.4,0.8,0.8,0.2,1.1,1.7,8.2,/players/bryn-forbes-1.html,0.405
117,2015-16,Michigan State,Big Ten,18,17,29.0,5.3,10.7,0.495,1.6,3.5,0.46,3.7,7.2,1.6,1.9,0.829,0.4,1.8,2.2,1.9,0.3,0.1,0.7,1.6,15.8,/players/bryn-forbes-1.html,0.512
118,2010-11,St. Joseph's,A-10,16,16,34.8,4.2,10.2,0.411,1.9,5.1,0.383,2.3,5.1,3.1,3.6,0.877,1.1,4.3,5.3,2.6,1.7,0.6,1.1,2.4,13.8,/players/langston-galloway-1.html,0.439
119,2011-12,St. Joseph's,A-10,16,15,35.8,5.1,11.1,0.461,2.6,5.3,0.5,2.5,5.9,2.1,2.5,0.825,1.3,3.1,4.4,2.3,0.8,0.6,1.5,2.6,14.8,/players/langston-galloway-1.html,0.426
120,2012-13,St. Joseph's,A-10,16,16,35.8,4.2,11.3,0.372,2.1,5.3,0.393,2.1,6.0,1.1,1.8,0.621,0.6,2.9,3.4,2.4,1.4,0.3,1.4,2.1,11.6,/players/langston-galloway-1.html,0.354
121,2013-14,St. Joseph's,A-10,16,16,37.3,5.3,12.8,0.415,2.4,5.4,0.453,2.9,7.4,3.3,4.1,0.803,0.9,3.3,4.3,1.7,1.1,0.6,0.8,2.3,16.8,/players/langston-galloway-1.html,0.387
122,2017-18,Kentucky,SEC,18,15,36.1,5.3,11.4,0.461,4.7,10.1,0.47,0.6,1.4,4.0,4.9,0.809,0.9,3.1,4.0,5.3,1.2,0.8,2.9,1.5,15.1,/players/shai-gilgeous-alexander-1.html,0.4
123,2010-11,Michigan State,Big Ten,18,17,31.8,4.3,10.4,0.415,3.4,7.6,0.445,0.9,2.8,2.8,3.9,0.729,2.5,5.4,7.9,4.1,1.7,1.0,2.2,3.7,12.4,/players/draymond-green-1.html,0.333
124,2011-12,Michigan State,Big Ten,18,18,34.0,5.7,11.9,0.474,3.9,8.1,0.479,1.8,3.8,3.6,4.9,0.719,1.7,8.8,10.6,3.6,1.6,0.6,3.0,2.7,16.7,/players/draymond-green-1.html,0.464
125,2016-17,Gonzaga,WCC,15,0,5.0,1.1,1.7,0.615,0.9,1.4,0.667,0.1,0.3,0.4,0.9,0.429,0.5,0.7,1.1,0.1,0.1,0.1,0.3,0.4,2.7,/players/rui-hachimura-1.html,0.4
126,2017-18,Gonzaga,WCC,18,0,21.7,4.9,8.1,0.603,4.9,7.6,0.647,0.0,0.6,3.2,3.9,0.803,1.0,3.4,4.4,0.7,0.7,0.5,1.2,1.8,12.9,/players/rui-hachimura-1.html,0.0
127,2018-19,Gonzaga,WCC,16,16,30.6,7.8,12.3,0.635,7.5,11.7,0.642,0.3,0.6,4.1,5.2,0.783,1.7,5.2,6.9,1.4,1.1,0.8,1.5,1.9,20.0,/players/rui-hachimura-1.html,0.5
128,2018-19,Iowa State,Big 12,18,18,32.4,1.9,4.4,0.438,0.6,1.2,0.5,1.3,3.2,0.7,0.9,0.706,0.8,1.9,2.7,3.1,1.3,0.8,0.8,1.1,5.9,/players/tyrese-haliburton-1.html,0.414
129,2019-20,Iowa State,Big 12,10,10,37.6,4.6,10.2,0.451,2.4,4.9,0.49,2.2,5.3,1.9,2.1,0.905,1.4,4.6,6.0,5.4,2.2,0.8,3.2,1.4,13.3,/players/tyrese-haliburton-1.html,0.415
130,2010-11,Michigan,Big Ten,18,18,31.9,5.0,10.8,0.464,2.4,5.0,0.489,2.6,5.8,2.3,3.3,0.712,0.6,3.2,3.8,1.9,1.2,0.1,1.6,2.3,14.9,/players/tim-hardaway-jr-1.html,0.442
131,2011-12,Michigan,Big Ten,18,18,36.1,4.7,11.8,0.399,3.2,6.2,0.523,1.5,5.7,3.2,4.4,0.713,1.0,3.3,4.3,1.7,0.6,0.4,2.1,2.1,14.1,/players/tim-hardaway-jr-1.html,0.265
132,2012-13,Michigan,Big Ten,18,18,35.1,5.3,12.2,0.436,3.3,7.2,0.462,2.0,5.0,1.4,2.3,0.619,0.2,4.1,4.3,2.0,0.7,0.6,1.8,2.2,14.1,/players/tim-hardaway-jr-1.html,0.4
133,2012-13,Louisville,Big East,18,2,14.6,2.1,3.9,0.535,2.1,3.9,0.535,0.0,0.0,0.3,1.2,0.238,1.5,1.7,3.2,0.2,0.6,0.6,0.8,1.1,4.5,/players/montrezl-harrell-1.html,
134,2013-14,Louisville,AAC,18,18,32.1,6.8,11.4,0.595,6.7,11.3,0.596,0.1,0.1,1.9,4.3,0.442,3.3,5.2,8.6,1.3,1.1,1.6,1.6,2.4,15.5,/players/montrezl-harrell-1.html,0.5
135,2014-15,Louisville,ACC,18,18,36.6,6.1,10.9,0.556,5.8,10.0,0.578,0.3,0.9,3.2,5.6,0.58,3.2,6.4,9.6,1.3,1.0,1.4,1.8,2.3,15.6,/players/montrezl-harrell-1.html,0.313
136,2018-19,Kentucky,SEC,18,18,34.0,5.1,10.6,0.482,3.3,6.4,0.522,1.8,4.2,3.2,3.3,0.983,0.3,4.5,4.8,2.2,0.9,0.2,1.6,1.2,15.2,/players/tyler-herro-1.html,0.421
137,2012-13,Oklahoma,Big 12,14,11,27.6,3.2,8.1,0.398,2.8,5.2,0.534,0.4,2.9,1.3,1.5,0.857,1.6,2.7,4.4,2.4,1.2,0.2,1.5,2.1,8.1,/players/buddy-hield-1.html,0.15
138,2013-14,Oklahoma,Big 12,18,18,33.4,6.3,13.6,0.463,2.8,5.4,0.515,3.5,8.2,1.4,1.8,0.788,1.6,2.8,4.4,1.9,1.6,0.1,1.8,1.9,17.5,/players/buddy-hield-1.html,0.429
139,2014-15,Oklahoma,Big 12,18,18,33.4,6.2,14.2,0.438,3.6,7.4,0.489,2.6,6.8,3.4,4.3,0.805,1.8,4.0,5.8,1.8,1.5,0.2,2.4,1.8,18.5,/players/buddy-hield-1.html,0.382
140,2015-16,Oklahoma,Big 12,18,18,37.1,8.1,16.8,0.483,3.7,6.9,0.536,4.4,9.8,4.3,4.8,0.885,0.8,4.7,5.5,2.4,1.1,0.6,3.4,2.5,24.9,/players/buddy-hield-1.html,0.446
141,2010-11,Washington,Pac-10,18,18,29.5,3.9,8.8,0.443,2.2,4.2,0.533,1.7,4.6,1.1,1.4,0.769,1.6,3.0,4.6,2.4,0.6,1.1,1.6,2.2,10.6,/players/justin-holiday-1.html,0.361
142,2018-19,Iowa State,Big 12,18,17,25.6,3.7,9.6,0.387,2.3,5.4,0.429,1.4,4.2,1.0,1.8,0.563,0.6,3.6,4.2,2.1,1.1,0.4,1.6,2.4,9.8,/players/talen-horton-tucker-1.html,0.333
143,2016-17,Maryland,Big Ten,18,18,30.9,3.6,8.4,0.424,1.3,2.6,0.489,2.3,5.8,0.3,0.7,0.5,0.4,4.6,5.0,3.2,0.9,0.5,1.6,2.0,9.7,/players/kevin-huerter-1.html,0.394
144,2017-18,Maryland,Big Ten,18,18,35.6,4.9,10.3,0.481,2.8,4.7,0.595,2.2,5.6,3.3,4.1,0.797,0.8,4.3,5.1,3.2,0.6,0.6,2.5,2.5,15.3,/players/kevin-huerter-1.html,0.386
145,2019-20,VCU,A-10,18,9,24.1,3.9,8.8,0.44,1.3,3.3,0.4,2.6,5.5,0.7,1.0,0.667,0.4,2.2,2.6,2.1,0.8,0.3,1.5,2.4,11.0,/players/nahshon-hyland-1.html,0.465
146,2020-21,VCU,A-10,12,12,34.8,6.3,14.4,0.439,3.4,6.7,0.513,2.9,7.8,4.4,5.1,0.869,0.3,5.3,5.6,2.1,2.0,0.3,3.3,2.1,20.0,/players/nahshon-hyland-1.html,0.376
147,2015-16,Duke,ACC,18,18,37.2,5.8,13.7,0.421,3.3,7.8,0.421,2.5,5.9,3.3,4.5,0.741,1.8,5.8,7.6,2.3,0.8,1.5,2.6,2.1,17.4,/players/brandon-ingram-1.html,0.421
148,2017-18,Michigan State,Big Ten,18,17,22.2,3.9,7.0,0.563,2.6,3.9,0.671,1.3,3.1,3.2,4.1,0.781,0.9,3.9,4.8,1.1,0.6,3.5,1.3,3.0,12.4,/players/jaren-jacksonjr-1.html,0.429
149,2016-17,Kansas,Big 12,18,18,31.8,6.2,12.4,0.498,5.1,9.8,0.514,1.1,2.6,3.2,5.6,0.58,2.4,5.2,7.6,3.1,1.7,0.8,3.2,3.3,16.7,/players/josh-jackson-2.html,0.435
150,2014-15,UNC,ACC,18,17,28.6,4.1,8.4,0.483,3.4,6.3,0.549,0.6,2.1,1.7,2.5,0.667,1.4,2.7,4.2,2.4,0.4,0.7,1.3,1.2,10.4,/players/justin-jackson-4.html,0.289
151,2015-16,UNC,ACC,18,16,28.8,4.7,10.6,0.447,3.9,7.7,0.511,0.8,2.8,1.3,2.1,0.605,1.7,1.9,3.7,2.7,0.3,0.4,0.8,1.9,11.5,/players/justin-jackson-4.html,0.275
152,2016-17,UNC,ACC,18,17,32.6,7.0,16.1,0.434,4.1,8.3,0.493,2.9,7.8,2.1,2.9,0.712,1.7,2.8,4.6,2.3,0.4,0.3,1.8,1.2,18.9,/players/justin-jackson-4.html,0.371
153,2014-15,UNC,ACC,18,17,28.6,4.1,8.4,0.483,3.4,6.3,0.549,0.6,2.1,1.7,2.5,0.667,1.4,2.7,4.2,2.4,0.4,0.7,1.3,1.2,10.4,/players/justin-jackson-4.html,0.289
154,2015-16,UNC,ACC,18,16,28.8,4.7,10.6,0.447,3.9,7.7,0.511,0.8,2.8,1.3,2.1,0.605,1.7,1.9,3.7,2.7,0.3,0.4,0.8,1.9,11.5,/players/justin-jackson-4.html,0.275
155,2016-17,UNC,ACC,18,17,32.6,7.0,16.1,0.434,4.1,8.3,0.493,2.9,7.8,2.1,2.9,0.712,1.7,2.8,4.6,2.3,0.4,0.3,1.8,1.2,18.9,/players/justin-jackson-4.html,0.371
156,2013-14,Vanderbilt,SEC,18,18,29.2,4.6,8.9,0.513,4.6,8.9,0.513,0.0,0.0,2.6,4.3,0.597,2.1,4.4,6.5,0.3,0.4,1.4,2.1,3.7,11.7,/players/damian-jones-1.html,
157,2014-15,Vanderbilt,SEC,18,17,29.4,4.9,9.2,0.533,4.9,9.1,0.537,0.0,0.1,2.8,5.4,0.51,1.8,3.7,5.6,0.5,0.6,2.1,2.0,2.6,12.6,/players/damian-jones-1.html,0.0
158,2015-16,Vanderbilt,SEC,18,18,26.6,6.0,9.6,0.628,6.0,9.5,0.632,0.0,0.1,2.7,4.7,0.571,2.4,5.0,7.4,0.8,0.2,1.5,2.0,3.6,14.7,/players/damian-jones-1.html,0.0
159,2017-18,Alabama,SEC,17,7,21.3,1.7,4.6,0.372,1.5,3.5,0.417,0.2,1.1,0.2,0.6,0.364,1.2,2.6,3.8,1.1,1.1,0.8,1.3,2.4,3.9,/players/herb-jones-3.html,0.222
160,2018-19,Alabama,SEC,18,13,20.1,2.3,5.1,0.462,2.2,4.6,0.482,0.1,0.4,1.2,2.4,0.512,1.0,2.0,3.0,2.1,0.9,0.4,1.8,2.7,6.0,/players/herb-jones-3.html,0.25
161,2019-20,Alabama,SEC,15,14,27.3,2.3,4.6,0.507,2.3,4.3,0.547,0.0,0.3,2.7,4.2,0.635,2.5,4.9,7.4,2.1,1.5,0.7,0.9,3.9,7.3,/players/herb-jones-3.html,0.0
162,2020-21,Alabama,SEC,18,18,25.6,3.5,7.9,0.444,2.8,6.2,0.446,0.7,1.7,2.4,3.4,0.705,1.7,4.1,5.8,3.5,1.8,1.1,2.7,2.9,10.1,/players/herb-jones-3.html,0.433
163,2010-11,Texas,Big 12,16,16,32.7,3.6,8.4,0.43,2.2,5.0,0.438,1.4,3.4,1.2,1.8,0.679,0.8,2.8,3.5,2.9,1.0,0.3,1.4,1.7,9.9,/players/cory-joseph-1.html,0.418
164,2011-12,Kentucky,SEC,16,16,31.8,3.3,7.8,0.424,3.2,6.8,0.468,0.1,1.0,3.3,4.4,0.743,2.4,5.3,7.7,2.3,1.3,1.0,2.1,2.1,10.0,/players/michael-kidd-gilchrist-1.html,0.125
165,2010-11,Kentucky,SEC,16,16,37.0,5.6,13.0,0.433,3.4,7.6,0.446,2.3,5.4,3.7,4.6,0.808,0.7,3.9,4.6,4.1,0.5,0.2,2.9,2.4,17.2,/players/brandon-knight-1.html,0.414
166,2014-15,Utah,Pac-12,16,0,7.4,0.9,2.3,0.405,0.6,1.1,0.556,0.3,1.2,0.4,0.7,0.545,0.3,1.4,1.8,0.6,0.0,0.2,0.5,1.1,2.6,/players/kyle-kuzma-1.html,0.263
167,2015-16,Utah,Pac-12,18,17,25.1,4.1,8.0,0.507,3.9,7.0,0.556,0.2,1.0,1.5,2.7,0.551,2.0,3.9,5.9,1.7,0.5,0.5,2.1,2.1,9.8,/players/kyle-kuzma-1.html,0.167
168,2016-17,Utah,Pac-12,17,17,31.6,6.6,12.8,0.514,5.5,9.9,0.55,1.1,2.9,2.6,4.0,0.662,2.8,6.5,9.2,2.2,0.6,0.4,2.0,1.7,16.9,/players/kyle-kuzma-1.html,0.388
169,2013-14,UCLA,Pac-12,18,1,25.8,3.2,8.3,0.383,1.9,4.8,0.391,1.3,3.4,1.6,2.3,0.707,0.6,2.0,2.6,1.9,1.1,0.2,1.1,2.3,9.2,/players/zach-lavine-1.html,0.371
170,2010-11,San Diego State,MWC,16,16,32.9,5.2,13.1,0.395,4.9,11.4,0.426,0.3,1.7,4.1,5.4,0.767,3.7,8.2,11.9,2.6,1.5,0.6,2.4,2.4,14.8,/players/kawhi-leonard-1.html,0.185
171,2010-11,Weber State,Big Sky,1,0,2.0,0.0,0.0,,0.0,0.0,,0.0,0.0,0.0,0.0,,0.0,0.0,0.0,0.0,0.0,0.0,0.0,0.0,0.0,/players/damian-lillard-1.html,
172,2011-12,Weber State,Big Sky,16,16,34.9,7.0,15.2,0.461,4.1,8.3,0.489,2.9,6.9,7.4,8.4,0.881,0.2,4.2,4.4,3.9,1.6,0.3,2.2,2.0,24.3,/players/damian-lillard-1.html,0.427
173,2014-15,UCLA,Pac-12,18,18,31.6,4.4,9.1,0.491,3.5,7.5,0.467,0.9,1.6,2.1,3.3,0.633,3.0,5.8,8.8,1.2,1.3,0.6,1.2,2.9,11.9,/players/kevon-looney-1.html,0.607
174,2011-12,Furman,Southern,17,11,23.4,2.4,5.7,0.423,1.8,3.7,0.476,0.6,2.0,1.6,2.5,0.643,0.5,2.8,3.3,1.7,0.8,0.1,1.6,2.8,7.1,/players/jordan-loyd-1.html,0.324
175,2016-17,Arizona,Pac-12,18,18,29.3,4.8,9.8,0.486,3.0,5.6,0.535,1.8,4.2,3.2,3.8,0.841,2.3,5.2,7.6,0.6,0.4,0.3,1.2,2.3,14.6,/players/lauri-markkanen-1.html,0.421
176,2011-12,UNC,ACC,16,0,13.5,1.4,3.9,0.365,1.4,3.9,0.365,0.0,0.0,0.9,1.6,0.6,1.1,2.3,3.4,0.2,0.3,0.2,0.4,1.6,3.8,/players/james-michael-mcadoo-1.html,
177,2012-13,UNC,ACC,18,18,31.4,5.8,13.3,0.438,5.8,13.2,0.441,0.0,0.1,2.8,5.1,0.543,2.3,4.8,7.2,1.1,1.5,0.6,2.4,2.4,14.4,/players/james-michael-mcadoo-1.html,0.0
178,2013-14,UNC,ACC,18,18,29.8,5.2,11.0,0.475,5.2,11.0,0.475,0.0,0.0,3.3,6.8,0.488,3.1,4.1,7.2,1.7,1.2,0.8,1.4,2.9,13.8,/players/james-michael-mcadoo-1.html,
179,2014-15,UNLV,MWC,17,13,32.5,4.1,9.1,0.452,1.8,3.6,0.484,2.4,5.5,1.4,1.8,0.742,0.8,2.1,2.8,3.4,1.5,0.3,1.6,1.5,11.9,/players/patrick-mccaw-1.html,0.43
180,2015-16,UNLV,MWC,18,18,33.9,4.4,10.4,0.422,2.4,4.6,0.524,2.0,5.8,2.8,3.5,0.794,1.0,4.6,5.6,3.8,2.2,0.4,2.0,2.2,13.6,/players/patrick-mccaw-1.html,0.343
181,2010-11,Lehigh,Patriot,14,14,36.2,7.4,18.9,0.389,5.5,13.0,0.423,1.9,5.9,6.6,7.7,0.861,2.5,6.3,8.8,2.4,2.4,0.9,3.1,1.9,23.2,/players/cj-mccollum-1.html,0.313
182,2011-12,Lehigh,Patriot,14,14,34.8,8.4,18.1,0.466,6.4,12.5,0.514,2.0,5.6,4.9,6.0,0.821,1.4,5.7,7.1,3.4,2.6,0.7,1.6,2.1,23.8,/players/cj-mccollum-1.html,0.359
183,2010-11,Tennessee,SEC,1,0,3.0,0.0,0.0,,0.0,0.0,,0.0,0.0,0.0,0.0,,0.0,0.0,0.0,0.0,0.0,0.0,0.0,0.0,0.0,/players/jordan-mcrae-1.html,
184,2011-12,Tennessee,SEC,16,0,22.1,2.7,6.7,0.402,1.8,3.7,0.475,0.9,3.0,1.6,2.3,0.694,0.8,3.1,3.9,1.6,0.5,0.8,1.3,1.9,7.9,/players/jordan-mcrae-1.html,0.313
185,2012-13,Tennessee,SEC,18,18,37.6,6.2,13.9,0.446,4.1,8.6,0.481,2.1,5.4,4.7,6.0,0.778,1.4,3.6,5.0,2.1,0.8,0.9,3.6,2.6,19.2,/players/jordan-mcrae-1.html,0.392
186,2013-14,Tennessee,SEC,18,18,33.2,5.7,14.0,0.409,3.1,7.4,0.421,2.6,6.6,4.7,5.9,0.802,0.4,3.2,3.7,2.6,0.4,0.8,2.2,2.4,18.8,/players/jordan-mcrae-1.html,0.395
187,2016-17,Utah State,MWC,18,16,30.3,3.8,8.6,0.445,1.9,4.4,0.438,1.9,4.2,1.6,1.7,0.903,0.5,3.0,3.5,3.9,1.2,0.3,1.2,2.6,11.1,/players/sam-merrill-1.html,0.453
188,2017-18,Utah State,MWC,18,18,35.9,6.0,11.5,0.522,2.5,4.9,0.506,3.5,6.6,1.7,1.9,0.912,0.2,3.0,3.2,2.7,1.1,0.3,1.8,2.4,17.2,/players/sam-merrill-1.html,0.534
189,2018-19,Utah State,MWC,18,18,37.1,6.9,15.7,0.44,4.2,8.5,0.49,2.7,7.2,5.5,6.2,0.892,0.4,3.4,3.9,4.4,1.1,0.3,1.9,2.7,22.0,/players/sam-merrill-1.html,0.38
190,2019-20,Utah State,MWC,18,18,35.7,6.2,13.2,0.466,3.4,6.0,0.565,2.8,7.2,4.6,5.0,0.911,0.1,3.2,3.3,4.0,0.9,0.2,1.6,2.3,19.7,/players/sam-merrill-1.html,0.385
191,2010-11,Texas A&M,Big 12,16,16,31.6,4.6,10.8,0.422,3.4,7.5,0.458,1.1,3.3,3.3,4.3,0.779,2.0,3.5,5.5,2.9,1.2,0.0,2.9,1.9,13.6,/players/khris-middleton-1.html,0.34
192,2011-12,Texas A&M,Big 12,13,10,29.1,4.5,11.5,0.393,3.6,7.8,0.465,0.9,3.8,2.0,2.9,0.684,1.2,4.0,5.2,1.6,0.7,0.4,2.0,1.8,12.0,/players/khris-middleton-1.html,0.245
193,2011-12,Holy Cross,Patriot,7,0,5.4,0.3,0.7,0.4,0.0,0.1,0.0,0.3,0.6,0.0,0.1,0.0,0.0,0.9,0.9,0.1,0.1,0.3,0.1,0.3,0.9,/players/malcolm-miller-1.html,0.5
194,2012-13,Holy Cross,Patriot,11,11,27.5,2.3,4.6,0.49,1.5,2.5,0.63,0.7,2.2,1.5,3.0,0.485,0.5,5.5,6.0,1.7,0.6,0.5,1.5,2.5,6.7,/players/malcolm-miller-1.html,0.333
195,2013-14,Holy Cross,Patriot,18,18,31.1,4.0,8.7,0.462,2.8,5.8,0.49,1.2,2.9,2.2,2.8,0.8,1.1,5.1,6.2,1.9,0.8,1.9,1.8,3.0,11.4,/players/malcolm-miller-1.html,0.404
196,2014-15,Holy Cross,Patriot,18,18,32.5,4.6,9.6,0.483,2.7,5.6,0.48,1.9,4.0,3.9,4.6,0.843,1.3,4.3,5.6,1.2,1.3,1.4,1.4,2.4,15.1,/players/malcolm-miller-1.html,0.486
197,2015-16,Louisville,ACC,18,5,18.7,2.6,6.2,0.42,2.1,4.1,0.521,0.5,2.2,1.4,2.0,0.694,0.9,1.9,2.9,1.3,0.6,0.2,1.0,2.2,7.1,/players/donovan-mitchell-1.html,0.231
198,2016-17,Louisville,ACC,18,18,34.2,6.2,13.9,0.442,3.3,6.7,0.488,2.9,7.2,2.9,3.5,0.825,0.8,3.4,4.2,2.9,2.1,0.3,1.6,3.0,18.1,/players/donovan-mitchell-1.html,0.4
199,2020-21,USC,Pac-12,20,20,33.7,5.6,10.0,0.56,5.4,9.0,0.6,0.2,1.0,4.1,5.8,0.704,2.3,6.2,8.4,2.3,1.0,2.7,2.5,1.9,15.5,/players/evan-mobley-1.html,0.2
200,2017-18,Murray State,OVC,18,18,35.6,4.4,9.1,0.491,3.7,6.4,0.578,0.7,2.6,3.3,4.3,0.769,1.9,5.0,6.9,6.2,1.1,0.4,2.7,2.2,12.9,/players/temetrius-morant-1.html,0.277
201,2018-19,Murray State,OVC,18,18,36.9,7.8,16.3,0.481,5.9,11.2,0.532,1.9,5.1,7.2,8.7,0.827,1.0,3.7,4.7,10.8,1.8,0.9,5.2,1.7,24.7,/players/temetrius-morant-1.html,0.37
202,2011-12,Oregon State,Pac-12,18,11,21.3,1.6,3.4,0.475,1.6,3.2,0.483,0.1,0.2,1.3,2.7,0.469,2.2,4.1,6.2,1.4,1.1,2.1,1.3,3.0,4.6,/players/eric-moreland-1.html,0.333
203,2012-13,Oregon State,Pac-12,15,8,31.5,3.0,5.5,0.542,2.9,5.0,0.573,0.1,0.5,1.6,3.4,0.471,3.1,6.8,9.9,1.7,0.9,2.2,2.5,2.7,7.7,/players/eric-moreland-1.html,0.25
204,2013-14,Oregon State,Pac-12,18,17,29.4,3.1,6.6,0.475,3.1,6.4,0.474,0.1,0.1,2.0,3.7,0.537,2.2,8.2,10.4,1.4,0.7,2.0,2.3,2.4,8.3,/players/eric-moreland-1.html,0.5
205,2010-11,Kansas,Big 12,16,16,25.8,5.4,8.5,0.632,4.7,7.0,0.67,0.7,1.5,2.5,4.0,0.625,2.4,5.4,7.9,1.8,0.9,1.4,2.1,2.6,13.9,/players/markieff-morris-1.html,0.458
206,2015-16,Washington,Pac-12,18,18,35.8,6.1,14.7,0.417,4.9,11.4,0.434,1.2,3.3,3.1,4.6,0.675,1.2,4.3,5.5,4.2,1.9,0.3,3.2,3.0,16.5,/players/dejounte-murray-1.html,0.356
207,2015-16,Kentucky,SEC,18,18,35.9,7.6,16.0,0.476,3.9,7.6,0.511,3.7,8.4,3.5,4.3,0.808,1.6,3.9,5.4,1.8,1.0,0.3,1.7,1.9,22.4,/players/jamal-murray-1.html,0.444
208,2012-13,Kentucky,SEC,11,11,34.1,4.0,6.3,0.638,4.0,6.3,0.638,0.0,0.0,2.6,5.1,0.518,2.5,7.2,9.6,1.5,1.5,5.5,2.1,2.1,10.6,/players/nerlens-noel-1.html,
209,2013-14,Illinois,Big Ten,18,8,23.5,3.2,6.7,0.471,1.8,3.6,0.5,1.4,3.2,0.8,1.0,0.833,0.3,1.5,1.8,1.4,0.6,0.2,1.2,1.4,8.6,/players/kendrick-nunn-1.html,0.439
210,2014-15,Illinois,Big Ten,18,18,35.0,4.3,11.3,0.382,2.4,5.7,0.417,1.9,5.6,2.2,2.7,0.796,0.4,3.6,4.0,2.1,1.2,0.2,1.9,2.0,12.8,/players/kendrick-nunn-1.html,0.347
211,2015-16,Illinois,Big Ten,17,16,35.8,5.0,13.1,0.381,2.5,6.1,0.404,2.5,7.0,1.8,2.2,0.789,0.4,4.7,5.1,1.5,1.4,0.2,2.0,2.5,14.3,/players/kendrick-nunn-1.html,0.361
212,2017-18,Oakland,Horizon,18,16,39.0,9.2,20.4,0.452,4.6,8.8,0.519,4.7,11.6,4.9,5.8,0.848,1.0,4.2,5.2,3.6,1.5,0.3,2.9,2.2,28.1,/players/kendrick-nunn-1.html,0.402
213,2017-18,Louisville,ACC,11,0,10.2,1.8,3.6,0.5,1.0,2.0,0.5,0.8,1.6,1.1,1.3,0.857,0.2,1.9,2.1,0.6,0.7,0.1,0.7,1.2,5.5,/players/jordan-nwora-1.html,0.5
214,2018-19,Louisville,ACC,18,18,33.9,5.9,14.2,0.416,3.4,7.4,0.463,2.4,6.7,2.7,3.5,0.778,0.9,6.2,7.2,1.5,0.7,0.4,2.4,2.3,16.9,/players/jordan-nwora-1.html,0.364
215,2019-20,Louisville,ACC,20,19,34.0,5.6,13.1,0.429,3.0,6.9,0.438,2.6,6.2,3.1,3.7,0.849,1.6,6.6,8.2,1.4,0.7,0.4,1.9,2.3,16.9,/players/jordan-nwora-1.html,0.419
216,2014-15,Duke,ACC,17,17,31.8,6.8,10.5,0.652,6.8,10.5,0.652,0.0,0.0,3.2,5.9,0.545,4.1,5.4,9.5,1.4,0.7,1.3,2.8,2.3,16.9,/players/jahlil-okafor-1.html,
217,2019-20,Auburn,SEC,15,15,33.1,3.9,8.5,0.457,2.9,5.5,0.53,0.9,2.9,3.8,5.4,0.704,1.7,2.8,4.5,2.3,1.1,0.9,1.7,2.9,12.5,/players/isaac-okoro-1.html,0.318
218,2010-11,Indiana,Big Ten,18,5,19.0,2.6,4.9,0.528,2.3,4.0,0.583,0.3,0.9,2.0,2.9,0.692,1.3,2.1,3.3,0.7,0.7,0.2,1.2,2.2,7.5,/players/victor-oladipo-1.html,0.294
219,2011-12,Indiana,Big Ten,18,16,27.7,3.5,7.9,0.444,3.3,6.3,0.522,0.2,1.6,3.1,4.0,0.778,1.7,3.8,5.4,1.8,1.3,0.8,2.1,2.3,10.3,/players/victor-oladipo-1.html,0.138
220,2012-13,Indiana,Big Ten,18,18,29.1,5.1,8.8,0.572,4.2,6.9,0.6,0.9,1.9,2.9,3.6,0.8,2.8,3.8,6.7,2.1,2.0,0.8,2.3,2.6,13.9,/players/victor-oladipo-1.html,0.471
221,2010-11,Gonzaga,WCC,14,0,11.1,1.6,3.1,0.5,1.4,2.4,0.576,0.2,0.8,1.0,2.1,0.483,1.1,2.1,3.2,0.4,0.3,0.1,0.9,1.3,4.4,/players/kelly-olynyk-1.html,0.273
222,2012-13,Gonzaga,WCC,16,16,26.7,7.2,10.5,0.685,6.8,9.6,0.701,0.4,0.9,4.4,5.8,0.772,2.3,5.1,7.3,2.0,0.8,1.6,2.4,1.8,19.3,/players/kelly-olynyk-1.html,0.5
223,2010-11,Florida,SEC,15,14,35.6,4.7,9.7,0.49,3.1,5.9,0.523,1.7,3.8,1.7,3.0,0.578,2.3,6.4,8.7,3.7,0.9,0.3,1.9,1.9,12.9,/players/chandler-parsons-1.html,0.439
224,2014-15,Fordham,A-10,16,16,33.4,5.6,14.3,0.393,4.1,9.2,0.442,1.6,5.1,4.1,4.9,0.835,1.8,3.6,5.4,1.0,1.1,0.4,2.7,2.0,16.9,/players/eric-paschall-1.html,0.305
225,2016-17,Villanova,Big East,18,7,22.6,2.6,4.9,0.528,2.3,3.4,0.672,0.3,1.6,0.6,0.9,0.625,1.4,1.9,3.4,0.6,0.5,0.6,0.9,2.6,6.1,/players/eric-paschall-1.html,0.214
226,2017-18,Villanova,Big East,16,16,31.9,4.4,7.3,0.612,3.1,4.4,0.714,1.3,2.9,1.8,2.2,0.829,1.1,3.4,4.5,2.6,1.3,0.6,1.4,2.5,12.0,/players/eric-paschall-1.html,0.457
227,2018-19,Villanova,Big East,18,18,37.3,5.7,12.4,0.46,3.6,6.3,0.561,2.2,6.1,3.9,4.9,0.787,0.9,5.5,6.4,2.2,0.7,0.6,1.9,2.2,17.5,/players/eric-paschall-1.html,0.355
228,2011-12,Louisiana,Sun Belt,16,1,21.1,2.3,5.4,0.425,2.3,5.1,0.451,0.0,0.3,2.3,4.8,0.487,1.1,2.4,3.4,2.9,0.8,0.3,3.3,1.9,6.9,/players/elfrid-payton-1.html,0.0
229,2012-13,Louisiana,Sun Belt,20,20,36.7,6.1,12.0,0.506,5.6,10.8,0.521,0.5,1.2,4.6,6.8,0.669,1.1,4.1,5.2,6.0,2.5,0.7,3.4,2.2,17.1,/players/elfrid-payton-1.html,0.375
230,2013-14,Louisiana,Sun Belt,18,18,37.6,6.9,12.9,0.539,6.6,11.7,0.567,0.3,1.2,4.8,8.1,0.593,2.5,3.9,6.4,6.2,2.6,0.7,3.5,2.6,19.0,/players/elfrid-payton-1.html,0.273
231,2010-11,Duke,ACC,16,13,26.5,2.7,4.8,0.566,2.7,4.8,0.566,0.0,0.0,1.0,2.4,0.421,2.9,6.8,9.7,1.3,0.7,1.9,1.8,3.1,6.4,/players/mason-plumlee-1.html,
232,2011-12,Duke,ACC,16,13,27.1,3.5,7.3,0.483,3.5,7.3,0.483,0.0,0.0,2.9,4.7,0.627,2.6,5.5,8.1,1.4,0.7,1.3,1.8,2.9,9.9,/players/mason-plumlee-1.html,
233,2012-13,Duke,ACC,18,18,35.9,5.8,10.4,0.556,5.8,10.4,0.556,0.0,0.0,4.4,6.8,0.656,2.8,6.8,9.6,2.3,1.2,1.4,2.9,2.4,16.0,/players/mason-plumlee-1.html,
234,2013-14,Arkansas,SEC,18,18,29.3,4.6,9.4,0.488,4.3,8.6,0.5,0.3,0.9,2.6,3.5,0.73,2.6,4.3,6.8,1.3,1.3,1.9,1.3,2.0,12.1,/players/bobby-portis-1.html,0.375
235,2014-15,Arkansas,SEC,18,18,31.2,7.6,13.5,0.56,7.4,12.8,0.576,0.2,0.7,3.3,4.2,0.789,3.9,5.4,9.3,1.2,0.9,1.9,1.7,2.1,18.6,/players/bobby-portis-1.html,0.25
236,2011-12,UCLA,Pac-12,18,1,18.3,1.7,4.6,0.378,0.9,2.5,0.356,0.8,2.1,0.1,0.2,0.333,0.2,1.8,2.0,0.9,0.3,0.2,0.8,1.5,4.3,/players/norman-powell-1.html,0.405
237,2012-13,UCLA,Pac-12,18,1,18.5,1.7,3.9,0.429,1.2,2.1,0.595,0.4,1.8,0.3,0.5,0.667,0.2,1.7,1.9,0.9,0.3,0.4,1.2,1.9,4.1,/players/norman-powell-1.html,0.242
238,2013-14,UCLA,Pac-12,18,18,26.2,3.9,7.8,0.504,3.2,5.7,0.559,0.8,2.2,2.0,2.8,0.706,0.7,2.2,2.9,1.6,1.1,0.4,1.0,2.7,10.7,/players/norman-powell-1.html,0.359
239,2014-15,UCLA,Pac-12,18,18,36.2,6.5,13.9,0.468,5.7,10.6,0.539,0.8,3.3,3.4,4.5,0.765,0.8,4.0,4.8,2.1,2.0,0.4,2.2,2.3,17.2,/players/norman-powell-1.html,0.237
240,2018-19,Kentucky,SEC,18,0,16.5,1.4,3.7,0.379,0.5,1.3,0.375,0.9,2.3,1.2,1.5,0.815,0.0,1.7,1.7,1.1,0.4,0.0,0.7,1.2,4.9,/players/immanuel-quickley-1.html,0.381
241,2019-20,Kentucky,SEC,18,14,35.3,5.1,11.9,0.43,2.7,6.8,0.393,2.4,5.1,5.8,6.3,0.92,0.4,4.1,4.6,1.9,0.9,0.2,1.4,2.6,18.4,/players/immanuel-quickley-1.html,0.478
242,2013-14,Kentucky,SEC,18,18,31.3,4.4,9.2,0.485,4.3,8.8,0.487,0.2,0.4,4.4,6.1,0.725,3.5,6.8,10.3,1.2,0.7,0.9,2.4,2.5,13.4,/players/julius-randle-1.html,0.429
243,2010-11,Colorado,Big 12,16,0,22.4,2.0,3.9,0.508,1.7,3.1,0.551,0.3,0.9,1.2,2.1,0.576,3.1,4.2,7.3,0.9,1.2,0.9,1.0,3.1,5.5,/players/andre-roberson-1.html,0.357
244,2011-12,Colorado,Pac-12,18,18,29.3,4.1,8.3,0.493,3.6,6.8,0.528,0.5,1.5,2.1,3.9,0.543,2.8,8.2,10.9,1.1,1.3,2.3,1.6,2.2,10.8,/players/andre-roberson-1.html,0.333
245,2012-13,Colorado,Pac-12,16,15,34.7,3.9,8.6,0.449,3.2,6.3,0.51,0.7,2.4,1.3,2.3,0.583,2.9,8.1,11.0,1.1,2.3,1.3,2.5,2.5,9.8,/players/andre-roberson-1.html,0.289
246,2014-15,Ohio State,Big Ten,18,18,35.7,6.8,15.2,0.451,4.1,8.3,0.497,2.7,6.9,3.9,5.3,0.747,1.1,5.2,6.3,5.1,1.4,0.2,2.8,2.2,20.3,/players/dangelo-russell-1.html,0.395
247,2014-15,Gonzaga,WCC,18,0,22.9,3.5,5.3,0.656,3.5,5.3,0.656,0.0,0.0,1.8,2.9,0.604,2.1,5.4,7.6,1.1,0.4,0.3,1.2,2.4,8.8,/players/domantas-sabonis-1.html,
248,2015-16,Gonzaga,WCC,18,18,32.8,6.0,10.6,0.565,5.9,10.2,0.579,0.1,0.4,4.9,6.6,0.748,2.6,9.7,12.3,2.2,0.6,0.8,2.7,3.3,17.1,/players/domantas-sabonis-1.html,0.25
249,2017-18,Alabama,SEC,16,15,29.0,5.2,13.0,0.399,4.2,8.9,0.472,1.0,4.1,5.4,7.0,0.768,0.9,2.8,3.7,3.8,0.8,0.2,2.7,2.6,16.8,/players/collin-sexton-1.html,0.242
250,2016-17,Wichita State,MVC,18,18,28.5,4.4,7.8,0.56,2.0,3.2,0.621,2.4,4.6,1.8,2.2,0.821,0.4,2.5,2.9,3.9,0.7,0.2,1.1,1.9,12.9,/players/landry-shamet-1.html,0.518
251,2017-18,Wichita State,AAC,17,17,32.4,4.1,9.2,0.442,1.5,2.9,0.52,2.5,6.2,2.2,2.8,0.787,0.4,2.9,3.3,5.6,0.6,0.2,2.1,1.6,12.8,/players/landry-shamet-1.html,0.406
252,2010-11,Georgia Tech,ACC,16,16,33.2,6.4,15.2,0.424,4.9,9.9,0.5,1.5,5.3,4.4,5.9,0.755,2.1,3.9,6.0,3.6,2.9,0.1,2.5,2.8,18.8,/players/iman-shumpert-1.html,0.282
253,2014-15,New Mexico State,WAC,14,14,34.5,5.1,8.4,0.615,5.1,8.4,0.615,0.0,0.0,3.6,4.4,0.823,3.6,4.9,8.4,1.3,1.0,1.6,1.9,2.2,13.9,/players/pascal-siakam-1.html,
254,2015-16,New Mexico State,WAC,14,14,34.7,7.6,14.0,0.546,7.5,13.6,0.55,0.1,0.4,3.4,5.3,0.635,4.1,8.3,12.4,2.1,1.1,2.8,1.9,2.9,18.8,/players/pascal-siakam-1.html,0.4
255,2015-16,LSU,SEC,18,17,35.9,6.5,11.8,0.549,6.5,11.8,0.552,0.0,0.1,7.1,10.7,0.663,2.8,8.5,11.3,4.7,1.9,0.5,3.8,2.9,20.1,/players/ben-simmons-1.html,0.0
256,2010-11,Duke,ACC,16,16,36.3,5.6,14.4,0.39,4.0,8.9,0.451,1.6,5.6,2.9,3.8,0.77,2.8,5.0,7.8,1.8,0.6,0.3,2.1,2.4,15.8,/players/kyle-singler-1.html,0.292
257,2012-13,Oklahoma State,Big 12,18,17,33.6,4.9,11.6,0.428,3.9,8.2,0.48,1.0,3.3,5.4,6.9,0.776,1.4,4.1,5.4,3.8,3.2,0.4,3.2,2.6,16.3,/players/marcus-smart-1.html,0.3
258,2013-14,Oklahoma State,Big 12,15,15,34.6,5.1,13.1,0.393,3.5,7.3,0.482,1.6,5.7,6.7,8.8,0.765,1.8,4.9,6.7,5.2,2.7,0.5,2.4,3.4,18.6,/players/marcus-smart-1.html,0.279
259,2016-17,NC State,ACC,18,18,35.6,6.1,13.0,0.466,4.3,7.9,0.538,1.8,5.1,4.3,6.5,0.658,1.1,3.9,5.0,6.2,1.9,0.4,3.7,2.2,18.2,/players/dennis-smithjr-1.html,0.352
260,2019-20,Washington,Pac-12,18,18,33.5,4.8,9.4,0.515,4.6,8.7,0.529,0.2,0.7,4.8,6.1,0.789,2.6,5.9,8.6,1.0,0.7,2.4,2.4,2.3,14.7,/players/isaiah-stewart-2.html,0.333
261,2014-15,Ohio State,Big Ten,18,12,24.2,4.3,6.9,0.616,4.2,6.2,0.676,0.1,0.8,2.0,3.6,0.554,2.1,2.9,5.0,0.3,0.7,0.5,0.9,2.4,10.7,/players/jaesean-tate-1.html,0.143
262,2015-16,Ohio State,Big Ten,15,15,29.8,5.1,9.6,0.528,4.7,8.6,0.55,0.3,1.0,1.5,2.7,0.537,2.1,3.8,5.9,1.6,1.0,0.2,1.4,3.2,11.9,/players/jaesean-tate-1.html,0.333
263,2016-17,Ohio State,Big Ten,18,18,31.7,5.7,10.8,0.528,5.4,9.5,0.567,0.3,1.3,2.3,4.2,0.56,1.7,4.5,6.2,2.2,1.2,0.6,2.4,3.4,14.1,/players/jaesean-tate-1.html,0.25
264,2017-18,Ohio State,Big Ten,18,18,30.9,5.1,9.1,0.558,4.7,7.9,0.594,0.3,1.1,2.4,3.7,0.642,1.3,4.8,6.1,2.9,1.2,0.8,2.1,2.9,12.8,/players/jaesean-tate-1.html,0.3
265,2016-17,Duke,ACC,18,18,33.6,5.4,12.3,0.443,3.8,7.8,0.482,1.7,4.4,3.6,4.2,0.853,1.4,5.8,7.2,2.2,1.2,1.0,2.8,2.9,16.1,/players/jayson-tatum-1.html,0.375
266,2010-11,Washington,Pac-10,18,18,32.7,5.1,11.8,0.432,3.2,6.4,0.504,1.9,5.4,4.7,6.2,0.759,0.7,2.9,3.6,6.7,1.2,0.1,3.3,2.6,16.8,/players/isaiah-thomas-1.html,0.347
267,2010-11,Washington State,Pac-10,17,16,35.6,6.9,16.8,0.409,3.9,9.5,0.41,3.0,7.4,4.0,4.7,0.85,1.1,4.6,5.8,3.7,1.5,1.2,3.9,3.2,20.8,/players/klay-thompson-1.html,0.408
268,2010-11,Texas,Big 12,16,16,31.3,5.2,9.3,0.557,5.2,9.3,0.557,0.0,0.0,4.3,8.6,0.496,3.5,4.1,7.6,1.4,0.7,2.5,1.8,2.8,14.6,/players/tristan-thompson-2.html,
269,2015-16,Washington,Pac-12,18,18,26.7,2.4,6.0,0.398,1.2,2.7,0.429,1.2,3.3,1.4,1.9,0.735,1.0,2.3,3.3,1.6,1.2,0.9,1.4,3.4,7.4,/players/matisse-thybulle-1.html,0.373
270,2016-17,Washington,Pac-12,18,18,31.9,3.9,9.4,0.414,2.2,4.6,0.476,1.7,4.8,0.8,0.9,0.824,0.8,2.6,3.3,1.7,2.2,0.6,1.9,2.9,10.3,/players/matisse-thybulle-1.html,0.356
271,2017-18,Washington,Pac-12,18,18,32.6,3.9,8.5,0.458,2.1,4.3,0.494,1.8,4.2,1.1,1.6,0.655,1.0,2.1,3.1,2.3,2.7,1.2,1.9,2.7,10.6,/players/matisse-thybulle-1.html,0.421
272,2018-19,Washington,Pac-12,18,18,31.8,3.2,7.2,0.45,1.9,3.4,0.574,1.3,3.8,2.1,2.5,0.822,1.1,2.2,3.3,2.5,3.9,2.6,2.3,2.6,9.8,/players/matisse-thybulle-1.html,0.338
273,2014-15,Kentucky,SEC,18,18,21.6,3.9,6.7,0.583,3.8,6.5,0.59,0.1,0.2,2.9,3.6,0.815,2.3,4.2,6.5,1.2,0.4,2.4,1.2,3.4,10.8,/players/karl-anthony-towns-1.html,0.333
274,2014-15,Texas,Big 12,18,6,24.3,3.4,8.2,0.419,3.0,6.1,0.491,0.4,2.1,2.6,3.3,0.797,1.2,5.3,6.5,0.3,0.2,2.9,1.5,2.3,9.9,/players/myles-turner-1.html,0.211
275,2012-13,Wichita State,MVC,18,0,16.9,1.6,4.3,0.364,1.1,2.9,0.358,0.5,1.3,0.4,0.6,0.727,0.4,1.3,1.8,2.7,1.0,0.1,1.0,0.9,4.1,/players/fred-van-vleet-1.html,0.375
276,2013-14,Wichita State,MVC,18,18,31.2,3.8,7.6,0.496,2.7,5.0,0.544,1.1,2.6,3.8,4.6,0.829,1.1,3.3,4.4,5.4,1.8,0.1,1.3,1.9,12.4,/players/fred-van-vleet-1.html,0.404
277,2014-15,Wichita State,MVC,18,18,29.9,4.1,8.6,0.474,2.8,5.6,0.495,1.3,2.9,3.6,4.4,0.823,0.9,3.5,4.4,5.4,1.6,0.2,1.8,1.6,13.0,/players/fred-van-vleet-1.html,0.434
278,2015-16,Wichita State,MVC,18,18,29.5,4.0,9.8,0.407,2.5,6.2,0.405,1.5,3.7,3.1,3.5,0.873,0.3,3.3,3.6,6.4,1.8,0.1,1.6,1.7,12.6,/players/fred-van-vleet-1.html,0.409
279,2010-11,USC,Pac-10,18,18,35.2,7.4,13.7,0.541,6.3,11.1,0.568,1.1,2.6,3.6,4.6,0.78,3.1,7.7,10.8,1.1,0.6,1.0,1.2,2.6,19.4,/players/nikola-vucevic-1.html,0.426
280,2019-20,Michigan,Big Ten,20,20,32.6,4.7,10.3,0.454,3.1,4.9,0.622,1.6,5.4,2.1,2.6,0.824,1.0,5.2,6.2,1.2,1.3,0.7,1.5,2.6,13.0,/players/franz-wagner-1.html,0.299
281,2020-21,Michigan,Big Ten,17,17,32.8,4.9,9.9,0.5,3.4,6.1,0.558,1.5,3.8,2.3,2.8,0.83,0.7,5.4,6.1,2.9,1.5,1.2,1.3,2.0,13.7,/players/franz-wagner-1.html,0.406
282,2010-11,Syracuse,Big East,17,0,16.1,1.7,5.4,0.315,1.1,2.9,0.36,0.6,2.5,0.9,1.1,0.789,0.5,1.2,1.7,1.4,1.1,0.2,0.9,1.3,4.9,/players/dion-waiters-1.html,0.262
283,2011-12,Syracuse,Big East,18,0,25.2,4.2,9.6,0.436,3.2,6.4,0.491,1.0,3.1,2.3,3.4,0.672,0.7,2.2,2.8,2.6,1.8,0.4,1.3,1.9,11.6,/players/dion-waiters-1.html,0.321
284,2010-11,UConn,Big East,18,18,38.9,7.3,18.4,0.395,5.3,12.6,0.425,1.9,5.9,5.2,6.9,0.758,1.3,4.0,5.3,4.5,1.7,0.1,1.8,1.4,21.7,/players/kemba-walker-1.html,0.33
285,2017-18,Kentucky,SEC,18,11,27.6,3.7,7.4,0.493,3.6,6.7,0.529,0.1,0.7,3.6,5.7,0.621,1.8,3.7,5.4,1.3,1.1,0.8,1.7,2.8,11.0,/players/pj-washington-1.html,0.154
286,2018-19,Kentucky,SEC,18,18,30.7,5.8,10.9,0.528,4.6,8.3,0.553,1.2,2.6,3.4,5.2,0.656,2.1,4.4,6.6,1.6,0.8,0.9,1.9,2.7,16.1,/players/pj-washington-1.html,0.447
287,2018-19,UNC,ACC,18,18,29.8,6.2,13.7,0.451,3.3,6.2,0.532,2.9,7.5,2.8,3.4,0.823,0.6,3.1,3.7,4.2,1.1,0.6,3.0,2.2,18.1,/players/coby-white-1.html,0.385
288,2013-14,Kansas,Big 12,18,18,32.7,5.5,12.2,0.452,4.1,8.4,0.49,1.4,3.8,5.2,6.8,0.764,2.7,3.5,6.2,1.8,1.3,0.9,2.4,3.1,17.6,/players/andrew-wiggins-1.html,0.368
289,2010-11,Arizona,Pac-10,18,18,30.9,5.7,9.6,0.599,4.8,7.9,0.608,0.9,1.6,6.2,8.8,0.698,2.7,6.3,9.0,1.1,0.8,0.6,2.8,3.1,18.5,/players/derrick-williams-2.html,0.552
290,2019-20,Florida State,ACC,18,0,23.7,3.1,7.3,0.424,2.6,5.5,0.465,0.6,1.8,2.2,2.7,0.816,1.6,2.9,4.4,0.6,0.9,1.3,1.6,1.8,9.0,/players/patrick-williams-2.html,0.303
291,2016-17,Texas A&M,SEC,18,15,28.1,5.4,9.9,0.542,5.3,9.3,0.575,0.1,0.7,2.1,4.0,0.514,3.6,6.0,9.6,1.4,0.8,2.5,2.1,2.2,12.9,/players/robert-williams-3.html,0.083
292,2017-18,Texas A&M,SEC,17,14,25.7,5.2,8.2,0.636,5.2,7.8,0.674,0.0,0.5,1.5,2.9,0.51,2.5,5.9,8.5,1.1,0.6,2.3,1.6,2.1,11.9,/players/robert-williams-3.html,0.0
293,2016-17,Texas A&M,SEC,18,15,28.1,5.4,9.9,0.542,5.3,9.3,0.575,0.1,0.7,2.1,4.0,0.514,3.6,6.0,9.6,1.4,0.8,2.5,2.1,2.2,12.9,/players/robert-williams-3.html,0.083
294,2017-18,Texas A&M,SEC,17,14,25.7,5.2,8.2,0.636,5.2,7.8,0.674,0.0,0.5,1.5,2.9,0.51,2.5,5.9,8.5,1.1,0.6,2.3,1.6,2.1,11.9,/players/robert-williams-3.html,0.0
295,2018-19,Duke,ACC,13,13,29.6,8.7,12.4,0.702,7.9,10.3,0.769,0.8,2.1,4.5,6.9,0.644,3.2,5.2,8.5,2.2,2.1,1.8,2.3,2.1,22.6,/players/zion-williamson-1.html,0.37
296,2014-15,Duke,ACC,18,18,31.1,4.9,9.8,0.497,3.7,6.9,0.532,1.2,2.9,2.3,3.8,0.594,1.4,5.3,6.7,2.1,1.4,0.9,1.9,3.2,13.3,/players/justise-winslow-1.html,0.415
297,2017-18,Oklahoma,Big 12,18,18,37.2,7.9,20.2,0.393,4.5,9.7,0.466,3.4,10.6,8.1,9.3,0.863,0.5,3.7,4.2,8.1,1.7,0.3,6.1,2.2,27.4,/players/trae-young-1.html,0.326
298,2011-12,Indiana,Big Ten,18,18,28.6,5.6,9.1,0.616,5.6,9.1,0.616,0.0,0.0,4.3,5.6,0.762,2.1,3.8,5.8,1.1,0.9,1.1,1.7,3.2,15.5,/players/cody-zeller-1.html,
299,2012-13,Indiana,Big Ten,18,18,30.8,5.7,10.7,0.536,5.7,10.7,0.536,0.0,0.0,5.7,7.3,0.779,2.9,5.3,8.2,1.3,1.2,1.3,2.5,2.4,17.1,/players/cody-zeller-1.html,
300,2010-11,UNC,ACC,16,14,27.9,5.4,9.4,0.58,5.4,9.4,0.58,0.0,0.0,3.6,4.9,0.734,3.1,3.5,6.6,0.2,0.6,0.9,1.3,2.8,14.5,/players/tyler-zeller-1.html,
301,2011-12,UNC,ACC,16,16,28.7,6.4,11.3,0.569,6.4,11.3,0.569,0.0,0.0,5.6,6.8,0.833,4.0,5.7,9.7,0.7,1.1,1.9,2.1,3.1,18.5,/players/tyler-zeller-1.html,
