,SEASON,SCHOOL,CONF,G,GS,MP,PER,TS%,eFG%,3PAr,FTr,PProd,ORB%,DRB%,TRB%,AST%,STL%,BLK%,TOV%,USG%,OWS,DWS,WS,WS/40,COLLEGE_URL
0,2012-13,Pitt,Big East,17,17,413,20.7,0.536,0.543,0.0,0.391,117,14.4,20.3,17.4,5.3,1.5,11.2,14.8,17.0,0.7,0.9,1.6,0.157,/players/steven-adams-1.html
1,2016-17,Kentucky,SEC,18,18,557,23.3,0.68,0.667,0.008,0.907,234,9.3,17.0,13.2,2.6,1.4,5.2,14.4,18.3,1.8,1.1,2.8,0.203,/players/edrice-adebayo-1.html
2,2016-17,Texas,Big 12,18,18,622,23.2,0.602,0.599,0.015,0.477,273,11.4,22.2,16.8,4.4,1.1,5.3,17.4,24.0,1.2,0.8,2.0,0.127,/players/jarrett-allen-1.html
3,2017-18,Dayton,A-10,16,0,213,16.4,0.612,0.62,0.109,1.0,79,9.2,16.1,12.8,5.5,0.9,5.8,21.0,22.0,0.3,0.1,0.4,0.082,/players/kostas-antetokounmpo-1.html
4,2015-16,Indiana,Big Ten,18,0,281,22.5,0.591,0.593,0.293,0.387,101,10.1,15.2,12.7,7.2,3.6,5.0,11.0,18.1,0.7,0.6,1.3,0.186,/players/og-anunoby-1.html
5,2016-17,Indiana,Big Ten,6,3,153,18.7,0.533,0.511,0.25,0.364,56,8.7,12.3,10.5,11.2,4.2,4.3,20.1,21.1,0.2,0.1,0.3,0.082,/players/og-anunoby-1.html
6,2017-18,Arizona,Pac-12,18,18,623,32.4,0.658,0.624,0.04,0.465,344,14.0,26.5,20.7,9.5,0.8,7.0,12.1,25.8,2.9,1.0,3.8,0.247,/players/deandre-ayton-1.html
7,2017-18,Duke,ACC,14,13,493,29.3,0.619,0.611,0.13,0.486,262,13.5,22.7,18.4,8.4,1.9,3.3,13.6,26.2,1.7,1.0,2.8,0.226,/players/marvin-bagleyiii-1.html
8,2016-17,UCLA,Pac-12,18,18,633,27.2,0.683,0.68,0.536,0.279,317,3.7,15.6,10.0,31.5,3.5,1.9,18.2,19.1,2.5,1.0,3.5,0.222,/players/lonzo-ball-1.html
9,2016-17,TCU,Big 12,18,0,309,9.8,0.539,0.526,0.368,0.158,82,5.2,13.4,9.4,8.1,0.6,1.6,18.9,16.9,0.2,0.1,0.3,0.037,/players/desmond-bane-1.html
10,2017-18,TCU,Big 12,18,17,564,18.7,0.66,0.627,0.424,0.329,216,2.2,12.6,7.4,15.0,1.7,0.5,14.5,18.9,1.6,0.2,1.8,0.13,/players/desmond-bane-1.html
11,2018-19,TCU,Big 12,18,18,666,19.5,0.595,0.572,0.355,0.145,262,5.1,12.4,8.7,11.5,1.9,1.0,10.3,20.5,1.8,0.4,2.2,0.131,/players/desmond-bane-1.html
12,2019-20,TCU,Big 12,18,18,648,22.5,0.566,0.552,0.508,0.123,288,4.0,16.2,9.9,32.4,2.2,1.9,14.4,25.9,1.8,0.7,2.4,0.15,/players/desmond-bane-1.html
13,2010-11,UNC,ACC,16,15,456,20.2,0.521,0.491,0.376,0.226,227,8.0,13.6,10.9,7.8,1.1,1.7,11.2,28.4,1.1,0.7,1.8,0.157,/players/harrison-barnes-1.html
14,2011-12,UNC,ACC,16,15,481,22.1,0.524,0.478,0.273,0.383,249,7.7,12.1,9.9,5.8,2.1,1.1,9.8,28.7,1.5,0.8,2.3,0.191,/players/harrison-barnes-1.html
15,2020-21,Florida State,ACC,14,2,335,25.1,0.551,0.526,0.188,0.342,175,8.7,13.2,11.1,31.4,3.6,2.8,17.6,24.2,1.1,0.5,1.6,0.195,/players/scottie-barnes-1.html
16,2011-12,Florida,SEC,16,16,553,22.7,0.577,0.503,0.44,0.535,223,5.0,22.9,14.0,11.8,2.5,3.1,13.5,23.1,1.7,0.7,2.4,0.176,/players/bradley-beal-1.html
17,2014-15,Oregon,Pac-12,17,14,440,18.6,0.605,0.615,0.0,0.277,105,9.4,18.6,14.2,9.2,2.3,9.6,18.8,10.9,0.7,0.7,1.4,0.13,/players/jordan-bell-1.html
18,2015-16,Oregon,Pac-12,18,1,350,19.7,0.598,0.614,0.0,0.398,121,8.9,19.8,14.4,11.7,2.3,7.8,22.7,18.3,0.5,0.6,1.1,0.123,/players/jordan-bell-1.html
19,2016-17,Oregon,Pac-12,18,18,509,28.8,0.665,0.66,0.046,0.336,213,11.2,20.5,16.1,15.8,3.4,6.5,13.2,17.9,1.9,1.2,3.2,0.248,/players/jordan-bell-1.html
20,2018-19,Villanova,Big East,18,15,562,17.3,0.606,0.607,0.579,0.127,164,9.4,11.4,10.4,7.8,2.0,0.7,8.2,13.9,1.5,0.5,2.0,0.142,/players/saddiq-bey-1.html
21,2019-20,Villanova,Big East,18,18,635,21.4,0.618,0.6,0.54,0.239,280,3.4,9.9,6.7,13.5,1.6,0.8,10.7,23.6,2.0,0.8,2.8,0.175,/players/saddiq-bey-1.html
22,2014-15,Kentucky,SEC,18,0,427,20.5,0.597,0.562,0.438,0.281,179,3.0,8.3,5.8,11.5,0.7,0.0,8.9,24.0,1.5,0.7,2.2,0.208,/players/devin-booker-2.html
23,2015-16,Oregon,Pac-12,18,17,471,29.7,0.665,0.634,0.433,0.493,202,10.5,20.3,15.4,2.8,1.9,12.2,7.3,19.0,1.9,0.9,2.8,0.238,/players/chris-boucher-1.html
24,2016-17,Oregon,Pac-12,18,1,404,22.4,0.559,0.558,0.435,0.279,166,6.7,20.5,14.1,2.8,0.7,10.8,7.9,24.4,0.9,0.9,1.7,0.169,/players/chris-boucher-1.html
25,2015-16,Villanova,Big East,18,0,361,16.9,0.659,0.608,0.369,0.523,101,4.2,12.1,8.4,7.0,2.7,3.8,10.0,12.9,0.9,0.8,1.6,0.18,/players/mikal-bridges-1.html
26,2016-17,Villanova,Big East,18,18,562,20.2,0.662,0.621,0.5,0.266,178,4.9,13.6,9.6,9.7,4.0,4.4,17.7,16.2,1.3,1.2,2.5,0.177,/players/mikal-bridges-1.html
27,2017-18,Villanova,Big East,18,18,607,25.1,0.647,0.613,0.496,0.257,306,5.0,12.4,8.9,10.8,2.3,2.6,9.6,23.4,2.3,0.7,3.0,0.197,/players/mikal-bridges-1.html
28,2011-12,Virginia,ACC,14,1,333,11.4,0.522,0.5,0.4,0.188,86,3.1,10.8,7.1,9.1,1.8,0.4,17.9,18.9,0.2,0.6,0.8,0.09,/players/malcolm-brogdon-1.html
29,2013-14,Virginia,ACC,18,18,600,25.8,0.573,0.503,0.272,0.41,261,4.7,16.9,10.9,21.8,2.6,0.4,6.8,23.8,2.4,1.5,3.9,0.262,/players/malcolm-brogdon-1.html
30,2014-15,Virginia,ACC,18,18,615,19.3,0.54,0.485,0.358,0.284,230,1.7,13.5,7.7,16.1,1.9,1.4,12.1,25.5,1.3,1.5,2.8,0.181,/players/malcolm-brogdon-1.html
31,2015-16,Virginia,ACC,18,18,626,27.0,0.629,0.58,0.382,0.309,317,1.8,13.2,7.8,18.0,1.8,0.6,10.1,29.6,2.6,0.9,3.5,0.222,/players/malcolm-brogdon-1.html
32,2010-11,Providence,Big East,18,17,696,27.0,0.571,0.525,0.331,0.404,432,5.7,12.4,8.8,15.9,1.7,2.6,12.2,31.4,2.8,0.0,2.7,0.158,/players/marshon-brooks-1.html
33,2015-16,California,Pac-12,18,18,526,20.3,0.545,0.507,0.267,0.578,272,4.0,16.6,10.6,17.1,1.5,2.7,16.5,30.2,0.9,1.0,1.9,0.141,/players/jaylen-brown-1.html
34,2014-15,Elon,CAA,18,11,498,19.5,0.498,0.433,0.35,0.516,276,5.9,14.8,10.1,29.0,2.6,1.8,18.4,34.2,0.5,0.5,1.1,0.087,/players/elijah-bryant-1.html
35,2016-17,BYU,WCC,16,7,434,19.9,0.583,0.534,0.45,0.45,204,2.8,11.3,7.3,19.1,1.9,1.4,12.6,22.9,1.1,0.7,1.8,0.165,/players/elijah-bryant-1.html
36,2017-18,BYU,WCC,18,18,654,22.7,0.636,0.586,0.525,0.38,299,1.3,22.4,12.5,14.9,2.2,1.9,15.3,26.1,1.6,1.3,3.0,0.181,/players/elijah-bryant-1.html
37,2011-12,Michigan,Big Ten,18,17,676,21.4,0.55,0.505,0.364,0.364,298,2.6,10.5,6.6,28.0,1.6,1.2,15.1,27.3,2.0,0.5,2.6,0.152,/players/trey-burke-1.html
38,2012-13,Michigan,Big Ten,18,18,659,30.7,0.569,0.524,0.344,0.355,386,2.0,9.6,5.9,37.3,3.4,1.3,10.1,29.6,3.4,0.6,4.1,0.247,/players/trey-burke-1.html
39,2010-11,Marquette,Big East,18,16,658,24.7,0.597,0.518,0.146,0.667,296,9.3,12.5,10.9,12.3,2.3,1.1,9.6,21.9,2.7,0.3,3.0,0.185,/players/jimmy-butler-1.html
40,2015-16,UNC Wilmington,CAA,14,3,88,15.4,0.582,0.667,0.0,0.667,24,13.0,30.3,21.8,0.0,2.6,2.4,20.2,14.2,0.1,0.2,0.3,0.131,/players/devontae-cacok-1.html
41,2016-17,UNC Wilmington,CAA,18,17,482,29.8,0.734,0.763,0.0,0.5,197,15.9,28.3,21.8,1.5,3.1,5.6,14.0,16.5,1.8,1.0,2.8,0.231,/players/devontae-cacok-1.html
42,2017-18,UNC Wilmington,CAA,18,16,569,27.8,0.563,0.547,0.0,0.493,305,17.5,33.2,24.9,4.7,2.0,2.4,12.1,26.0,1.7,0.7,2.4,0.169,/players/devontae-cacok-1.html
43,2018-19,UNC Wilmington,CAA,18,17,555,27.4,0.59,0.587,0.005,0.411,270,15.2,37.0,25.3,6.4,1.8,2.3,13.9,24.9,1.6,0.4,2.0,0.145,/players/devontae-cacok-1.html
44,2011-12,Georgia,SEC,16,15,540,19.7,0.498,0.477,0.559,0.169,189,4.0,17.4,10.0,9.1,3.8,1.0,7.9,23.6,1.0,0.5,1.5,0.114,/players/kentavious-caldwell-pope-1.html
45,2012-13,Georgia,SEC,18,17,613,27.6,0.595,0.54,0.511,0.396,293,4.0,21.2,13.2,15.8,3.6,2.2,12.0,29.2,2.3,1.1,3.4,0.223,/players/kentavious-caldwell-pope-1.html
46,2011-12,Syracuse,Big East,12,0,96,26.2,0.791,0.806,0.389,0.333,35,5.2,11.0,8.2,29.5,4.4,1.1,19.3,14.1,0.4,0.2,0.6,0.248,/players/michael-carter-williams-1.html
47,2012-13,Syracuse,Big East,18,18,662,20.9,0.5,0.438,0.318,0.417,261,5.3,10.7,8.0,33.4,4.6,1.6,18.7,22.8,1.5,1.0,2.5,0.151,/players/michael-carter-williams-1.html
48,2012-13,Texas A&M,SEC,18,10,465,10.9,0.427,0.397,0.314,0.363,127,4.3,12.5,8.4,27.0,4.6,1.7,28.2,20.0,-0.2,0.7,0.5,0.044,/players/alex-caruso-1.html
49,2013-14,Texas A&M,SEC,18,17,547,16.1,0.511,0.464,0.259,0.527,170,1.1,12.2,6.6,36.7,4.0,2.5,22.2,18.7,0.4,1.1,1.5,0.109,/players/alex-caruso-1.html
50,2014-15,Texas A&M,SEC,18,18,604,17.5,0.565,0.529,0.36,0.39,202,2.6,15.3,9.1,32.2,3.4,0.4,25.4,19.1,0.9,1.1,2.0,0.132,/players/alex-caruso-1.html
51,2015-16,Texas A&M,SEC,18,18,526,19.1,0.608,0.579,0.355,0.336,178,3.5,9.9,6.7,33.1,3.9,1.8,23.4,15.5,1.1,0.9,2.1,0.156,/players/alex-caruso-1.html
52,2012-13,Kentucky,SEC,14,10,351,21.2,0.588,0.643,0.0,0.56,122,12.4,18.5,15.7,7.5,1.7,8.3,20.8,20.1,0.6,0.5,1.1,0.127,/players/willie-cauley-stein-1.html
53,2013-14,Kentucky,SEC,18,9,402,20.4,0.562,0.573,0.0,0.5,114,11.3,14.0,12.7,4.6,3.2,8.8,14.3,14.8,0.7,0.8,1.5,0.149,/players/willie-cauley-stein-1.html
54,2014-15,Kentucky,SEC,18,17,474,19.8,0.576,0.571,0.0,0.582,146,10.3,18.4,14.5,7.2,2.7,6.3,19.9,17.7,0.7,1.4,2.1,0.178,/players/willie-cauley-stein-1.html
55,2015-16,Washington,Pac-12,18,18,467,20.6,0.581,0.563,0.2,0.337,222,10.2,11.6,10.9,6.7,1.6,6.2,14.3,22.8,1.0,0.4,1.4,0.122,/players/marquese-chriss-1.html
56,2010-11,Belmont,A-Sun,20,20,506,22.9,0.646,0.625,0.554,0.179,224,2.7,10.1,6.6,14.9,2.5,0.7,11.1,22.0,2.0,1.2,3.2,0.253,/players/ian-clark-1.html
57,2011-12,Belmont,A-Sun,18,18,497,22.9,0.632,0.615,0.681,0.154,222,2.2,10.8,6.8,18.9,1.8,0.2,8.4,21.3,2.1,0.5,2.7,0.216,/players/ian-clark-1.html
58,2012-13,Belmont,OVC,16,15,529,26.6,0.694,0.675,0.505,0.232,261,1.1,12.5,7.1,17.1,3.6,0.5,16.3,25.3,2.2,0.8,3.0,0.227,/players/ian-clark-1.html
59,2015-16,San Jose State,MWC,18,0,480,24.6,0.667,0.692,0.03,0.636,174,11.1,19.5,15.3,15.3,1.8,6.8,15.1,16.0,1.3,0.7,2.1,0.175,/players/brandon-clarke-1.html
60,2016-17,San Jose State,MWC,18,18,623,29.7,0.609,0.618,0.004,0.372,335,9.3,23.2,16.0,20.1,1.8,8.3,11.8,26.0,2.0,0.9,2.9,0.187,/players/brandon-clarke-1.html
61,2018-19,Gonzaga,WCC,16,15,442,39.3,0.7,0.688,0.051,0.376,249,13.2,22.1,18.2,11.8,1.7,12.0,8.0,23.4,2.6,1.5,4.1,0.371,/players/brandon-clarke-1.html
62,2010-11,Tulsa,CUSA,15,0,368,15.9,0.544,0.458,0.37,0.563,159,1.2,9.1,5.3,19.1,2.1,0.9,18.8,26.6,0.7,0.4,1.1,0.123,/players/jordan-clarkson-1.html
63,2011-12,Tulsa,CUSA,16,16,555,23.4,0.606,0.558,0.328,0.333,259,3.1,9.8,6.5,18.6,1.9,1.7,14.9,26.9,2.0,0.7,2.7,0.198,/players/jordan-clarkson-1.html
64,2013-14,Missouri,SEC,18,18,647,19.0,0.528,0.455,0.24,0.45,303,2.9,11.1,7.2,20.5,1.6,0.4,13.5,27.7,1.4,0.3,1.8,0.109,/players/jordan-clarkson-1.html
65,2010-11,Cleveland State,Horizon,18,18,648,29.9,0.561,0.487,0.247,0.483,405,2.7,22.8,13.4,41.4,3.5,0.0,14.2,31.7,3.0,1.1,4.1,0.252,/players/norris-cole-1.html
66,2015-16,Wake Forest,ACC,18,1,250,18.3,0.542,0.494,0.0,0.654,110,11.0,14.2,12.6,5.1,1.6,3.5,13.1,24.0,0.5,0.1,0.6,0.094,/players/john-collins-1.html
67,2016-17,Wake Forest,ACC,18,18,489,37.1,0.672,0.639,0.0,0.542,330,16.0,23.5,19.7,5.0,1.1,6.7,11.4,30.4,2.6,0.4,3.0,0.247,/players/john-collins-1.html
68,2015-16,Wake Forest,ACC,18,1,250,18.3,0.542,0.494,0.0,0.654,110,11.0,14.2,12.6,5.1,1.6,3.5,13.1,24.0,0.5,0.1,0.6,0.094,/players/john-collins-1.html
69,2016-17,Wake Forest,ACC,18,18,489,37.1,0.672,0.639,0.0,0.542,330,16.0,23.5,19.7,5.0,1.1,6.7,11.4,30.4,2.6,0.4,3.0,0.247,/players/john-collins-1.html
70,2011-12,Notre Dame,Big East,18,12,404,15.4,0.529,0.524,0.676,0.057,104,5.3,20.9,13.3,10.1,1.6,1.0,11.5,17.4,0.6,0.6,1.3,0.125,/players/pat-connaughton-1.html
71,2012-13,Notre Dame,Big East,18,18,586,12.5,0.517,0.488,0.569,0.244,140,3.8,16.8,10.3,12.1,0.7,0.9,11.0,15.0,0.9,0.4,1.3,0.086,/players/pat-connaughton-1.html
72,2013-14,Notre Dame,ACC,18,18,702,19.8,0.561,0.527,0.598,0.196,246,3.7,19.4,11.4,17.4,1.3,1.1,9.7,19.7,1.8,0.4,2.2,0.126,/players/pat-connaughton-1.html
73,2014-15,Notre Dame,ACC,18,18,670,16.4,0.569,0.548,0.657,0.181,188,3.7,20.0,12.4,6.5,0.9,2.4,7.7,16.4,1.3,0.6,1.9,0.112,/players/pat-connaughton-1.html
74,2011-12,Duke,ACC,15,4,194,13.5,0.469,0.436,0.491,0.345,66,0.0,8.0,4.1,27.2,1.5,0.0,12.3,19.2,0.4,0.1,0.5,0.097,/players/quinn-cook-1.html
75,2012-13,Duke,ACC,18,18,630,18.5,0.54,0.509,0.417,0.156,267,2.3,11.8,7.1,26.7,2.1,0.5,15.0,21.9,1.7,0.7,2.4,0.155,/players/quinn-cook-1.html
76,2013-14,Duke,ACC,18,9,489,14.9,0.511,0.469,0.578,0.248,185,1.2,5.4,3.2,22.7,2.3,0.0,13.5,22.2,1.0,0.4,1.4,0.115,/players/quinn-cook-1.html
77,2014-15,Duke,ACC,18,18,683,19.3,0.597,0.56,0.588,0.265,273,1.4,10.1,5.9,12.5,1.2,0.1,8.6,20.9,2.3,0.6,2.9,0.169,/players/quinn-cook-1.html
78,2010-11,Tennessee State,OVC,18,18,584,22.6,0.62,0.588,0.281,0.287,225,9.9,24.2,17.2,10.4,2.5,3.5,17.1,21.7,1.6,1.0,2.6,0.175,/players/robert-covington-1.html
79,2011-12,Tennessee State,OVC,16,16,524,31.3,0.626,0.603,0.343,0.31,284,15.4,20.3,17.8,7.9,2.7,4.7,13.2,27.8,2.4,0.8,3.3,0.25,/players/robert-covington-1.html
80,2012-13,Tennessee State,OVC,7,5,213,33.8,0.632,0.561,0.284,0.527,112,11.9,21.4,17.0,11.9,4.4,6.9,12.3,25.5,1.1,0.4,1.4,0.269,/players/robert-covington-1.html
81,2020-21,Oklahoma State,Big 12,15,15,545,20.8,0.578,0.518,0.365,0.406,287,2.7,17.0,10.3,18.6,2.1,2.7,20.7,29.5,1.1,0.8,1.9,0.142,/players/cade-cunningham-1.html
82,2011-12,Kentucky,SEC,16,16,535,40.0,0.706,0.681,0.056,0.535,239,13.0,22.9,18.4,4.6,2.7,14.9,5.2,19.5,3.2,1.5,4.6,0.348,/players/anthony-davis-5.html
83,2015-16,Ole Miss,SEC,13,0,98,12.6,0.483,0.5,0.435,0.739,30,4.2,9.1,6.6,12.4,3.5,2.4,11.4,17.3,0.1,0.1,0.2,0.086,/players/terence-davis-1.html
84,2016-17,Ole Miss,SEC,18,15,473,21.6,0.539,0.505,0.338,0.288,254,5.4,15.9,10.7,18.4,3.0,0.9,11.9,28.4,1.0,0.7,1.8,0.15,/players/terence-davis-1.html
85,2017-18,Ole Miss,SEC,18,13,486,16.1,0.464,0.425,0.441,0.282,213,5.7,19.5,12.2,14.2,1.8,3.2,11.0,27.2,0.4,0.4,0.8,0.064,/players/terence-davis-1.html
86,2018-19,Ole Miss,SEC,18,17,560,21.9,0.559,0.525,0.471,0.271,270,4.1,19.1,11.7,20.8,3.4,1.4,15.0,26.7,1.3,0.8,2.1,0.151,/players/terence-davis-1.html
87,2010-11,Saint Mary's,WCC,14,14,519,17.2,0.558,0.489,0.521,0.38,211,4.7,8.1,6.5,23.1,2.1,0.0,18.1,20.9,1.4,0.3,1.7,0.133,/players/matthew-dellavedova-1.html
88,2011-12,Saint Mary's,WCC,16,16,615,22.9,0.612,0.547,0.45,0.538,290,2.9,9.8,6.5,33.0,1.3,0.3,16.4,21.8,2.8,0.4,3.3,0.211,/players/matthew-dellavedova-1.html
89,2012-13,Saint Mary's,WCC,16,16,561,22.9,0.547,0.484,0.544,0.378,273,1.9,11.5,6.8,33.5,2.3,0.6,14.6,25.0,2.3,0.8,3.0,0.216,/players/matthew-dellavedova-1.html
90,2016-17,Villanova,Big East,18,0,496,13.3,0.544,0.5,0.458,0.339,156,4.5,9.3,7.1,12.6,1.7,1.0,17.0,17.8,0.7,0.6,1.3,0.109,/players/donte-divincenzo-1.html
91,2017-18,Villanova,Big East,18,9,567,21.8,0.604,0.591,0.553,0.239,275,3.8,13.5,8.9,20.1,2.6,0.5,13.4,22.6,1.8,0.6,2.4,0.167,/players/donte-divincenzo-1.html
92,2016-17,Virginia,ACC,18,0,242,13.4,0.569,0.559,0.118,0.618,50,6.4,14.6,10.4,4.1,1.4,10.0,15.4,12.5,0.3,0.6,0.8,0.138,/players/mamadi-diakite-1.html
93,2017-18,Virginia,ACC,18,0,231,16.4,0.602,0.556,0.0,0.389,67,3.9,17.7,10.9,3.7,2.3,4.5,16.9,19.8,0.3,0.6,0.9,0.163,/players/mamadi-diakite-1.html
94,2018-19,Virginia,ACC,18,11,405,20.5,0.551,0.532,0.054,0.234,130,10.4,14.0,12.4,2.5,1.0,12.2,12.1,20.0,0.8,1.0,1.7,0.169,/players/mamadi-diakite-1.html
95,2019-20,Virginia,ACC,20,20,672,19.4,0.563,0.515,0.153,0.396,244,6.7,17.4,12.4,6.1,1.2,5.1,16.1,24.9,1.0,1.7,2.7,0.161,/players/mamadi-diakite-1.html
96,2010-11,Louisville,Big East,13,5,224,24.1,0.602,0.608,0.0,0.569,78,11.7,18.5,15.1,11.9,2.1,12.3,15.6,17.9,0.6,0.4,1.0,0.181,/players/gorgui-dieng-1.html
97,2011-12,Louisville,Big East,18,18,597,18.7,0.534,0.504,0.0,0.362,163,10.7,20.1,15.5,7.4,2.7,9.9,20.8,15.9,0.6,1.3,2.0,0.132,/players/gorgui-dieng-1.html
98,2012-13,Louisville,Big East,18,18,613,24.6,0.56,0.517,0.0,0.538,211,13.6,25.9,19.9,11.3,2.6,9.3,17.5,18.5,1.5,1.8,3.3,0.216,/players/gorgui-dieng-1.html
99,2018-19,Illinois,Big Ten,20,20,651,17.6,0.531,0.498,0.38,0.29,288,2.2,11.7,6.7,21.8,2.2,1.0,14.4,24.9,1.1,0.4,1.5,0.093,/players/ayo-dosunmu-1.html
100,2019-20,Illinois,Big Ten,19,19,674,20.0,0.533,0.502,0.204,0.264,302,2.2,13.7,7.9,23.6,1.1,0.8,14.6,26.8,1.4,0.8,2.2,0.132,/players/ayo-dosunmu-1.html
101,2020-21,Illinois,Big Ten,17,17,599,23.3,0.552,0.511,0.184,0.322,339,4.1,13.7,9.3,30.2,1.8,0.7,15.2,29.5,1.9,0.9,2.8,0.186,/players/ayo-dosunmu-1.html
102,2011-12,UConn,Big East,18,18,552,20.3,0.48,0.503,0.011,0.263,186,15.5,20.3,18.0,4.5,1.7,8.9,14.0,21.9,0.6,0.8,1.4,0.099,/players/andre-drummond-1.html
103,2019-20,Oregon,Pac-12,15,15,498,21.4,0.504,0.46,0.449,0.278,192,5.7,17.1,11.4,9.7,4.3,2.8,9.5,23.6,1.0,0.9,1.9,0.153,/players/chris-duarte-1.html
104,2020-21,Oregon,Pac-12,16,16,552,26.6,0.655,0.635,0.482,0.285,257,2.5,15.2,8.7,13.8,3.3,2.8,15.1,24.7,1.9,0.7,2.6,0.19,/players/chris-duarte-1.html
105,2019-20,Georgia,SEC,18,18,634,21.5,0.537,0.484,0.522,0.37,340,2.7,15.9,9.1,16.4,2.0,1.6,13.5,30.5,1.6,0.2,1.8,0.114,/players/anthony-edwards-2.html
106,2013-14,Kansas,Big 12,15,15,363,26.9,0.642,0.603,0.031,0.804,171,12.7,29.4,21.7,10.8,1.9,11.4,24.3,24.1,0.9,0.8,1.7,0.187,/players/joel-embiid-1.html
107,2010-11,Vanderbilt,SEC,16,16,404,27.2,0.591,0.528,0.0,0.872,201,13.9,16.4,15.2,1.7,1.3,11.5,16.1,27.3,1.3,0.5,1.8,0.177,/players/festus-ezeli-1.html
108,2011-12,Vanderbilt,SEC,16,16,371,20.3,0.557,0.542,0.0,0.776,156,14.2,17.1,15.8,2.6,0.7,9.9,19.7,27.0,0.6,0.5,1.1,0.123,/players/festus-ezeli-1.html
109,2010-11,Morehead State,OVC,18,17,638,31.9,0.578,0.588,0.0,0.77,302,23.4,34.7,28.9,8.9,3.0,8.4,16.6,24.2,2.1,1.7,3.9,0.242,/players/kenneth-faried-1.html
110,2012-13,Indiana,Big Ten,18,18,528,13.2,0.537,0.492,0.377,0.385,170,1.8,8.9,5.6,22.2,1.6,0.4,20.0,17.6,1.0,0.5,1.5,0.113,/players/kevin-ferrell-1.html
111,2013-14,Indiana,Big Ten,18,18,654,19.0,0.568,0.513,0.544,0.397,309,1.0,8.3,4.7,25.0,1.3,0.0,14.0,26.5,1.8,0.5,2.3,0.141,/players/kevin-ferrell-1.html
112,2014-15,Indiana,Big Ten,18,18,658,20.1,0.563,0.528,0.53,0.249,290,2.4,8.9,5.6,28.4,0.9,0.0,11.0,21.9,2.4,0.0,2.4,0.145,/players/kevin-ferrell-1.html
113,2015-16,Indiana,Big Ten,18,18,648,21.5,0.585,0.543,0.464,0.353,329,2.3,8.6,5.5,27.0,2.1,0.2,15.7,25.5,2.2,0.8,3.0,0.185,/players/kevin-ferrell-1.html
114,2012-13,Cleveland State,Horizon,16,15,537,20.1,0.604,0.565,0.517,0.236,208,2.5,16.2,9.1,9.2,2.0,0.2,11.6,22.4,1.6,0.1,1.7,0.127,/players/bryn-forbes-1.html
115,2013-14,Cleveland State,Horizon,15,15,521,13.4,0.519,0.479,0.527,0.339,179,2.3,7.3,4.9,8.8,1.0,0.0,9.0,22.3,0.9,0.5,1.4,0.109,/players/bryn-forbes-1.html
116,2014-15,Michigan State,Big Ten,18,12,467,12.2,0.567,0.55,0.617,0.183,122,1.3,5.2,3.3,5.9,2.1,1.1,12.7,17.4,0.6,0.4,1.0,0.089,/players/bryn-forbes-1.html
117,2015-16,Michigan State,Big Ten,18,17,522,22.9,0.683,0.667,0.672,0.182,225,1.6,6.5,4.2,11.9,0.7,0.2,5.9,21.4,2.2,0.5,2.7,0.21,/players/bryn-forbes-1.html
118,2010-11,St. Joseph's,A-10,16,16,556,23.0,0.579,0.521,0.503,0.35,213,4.0,17.0,10.3,18.3,3.1,1.8,8.7,21.5,1.8,0.2,1.9,0.14,/players/langston-galloway-1.html
119,2011-12,St. Joseph's,A-10,16,15,573,19.9,0.602,0.573,0.528,0.225,218,4.9,10.3,7.8,13.5,1.4,1.7,10.9,20.5,1.8,0.3,2.1,0.148,/players/langston-galloway-1.html
120,2012-13,St. Joseph's,A-10,16,16,573,13.7,0.48,0.467,0.533,0.161,176,2.1,9.9,6.1,15.1,2.5,0.7,10.2,20.8,0.7,0.4,1.1,0.077,/players/langston-galloway-1.html
121,2013-14,St. Joseph's,A-10,16,16,597,19.6,0.569,0.527,0.58,0.322,241,3.2,9.9,6.8,9.7,1.7,1.7,5.2,22.5,1.7,0.7,2.4,0.161,/players/langston-galloway-1.html
122,2017-18,Kentucky,SEC,18,15,650,19.7,0.548,0.485,0.121,0.432,292,2.8,9.3,6.2,30.4,2.0,2.5,17.6,22.9,1.4,0.7,2.1,0.13,/players/shai-gilgeous-alexander-1.html
123,2010-11,Michigan State,Big Ten,18,17,573,23.4,0.506,0.46,0.271,0.372,246,10.7,24.2,17.3,29.8,3.3,3.6,15.3,24.9,1.5,0.7,2.2,0.151,/players/draymond-green-1.html
124,2011-12,Michigan State,Big Ten,18,18,612,28.1,0.583,0.549,0.321,0.414,298,7.5,32.1,20.9,23.5,2.9,2.1,17.3,27.9,2.2,1.6,3.8,0.246,/players/draymond-green-1.html
125,2016-17,Gonzaga,WCC,15,0,75,24.0,0.613,0.654,0.192,0.538,36,12.3,13.4,12.9,2.4,1.5,2.7,10.9,24.5,0.2,0.2,0.4,0.227,/players/rui-hachimura-1.html
126,2017-18,Gonzaga,WCC,18,0,390,28.5,0.648,0.603,0.068,0.486,203,5.5,17.6,11.7,5.8,1.8,2.5,10.5,26.3,1.6,0.9,2.5,0.256,/players/rui-hachimura-1.html
127,2018-19,Gonzaga,WCC,16,16,489,33.4,0.677,0.647,0.051,0.421,282,7.3,17.6,13.1,8.3,2.1,2.7,9.2,27.4,2.5,1.4,3.9,0.32,/players/rui-hachimura-1.html
128,2018-19,Iowa State,Big 12,18,18,583,14.1,0.602,0.588,0.725,0.213,126,2.8,6.6,4.8,16.1,2.4,2.7,13.7,9.1,1.0,0.4,1.5,0.1,/players/tyrese-haliburton-1.html
129,2019-20,Iowa State,Big 12,10,10,376,21.3,0.594,0.559,0.52,0.206,144,4.5,15.0,9.7,30.9,3.4,2.4,22.2,19.7,0.8,0.3,1.1,0.116,/players/tyrese-haliburton-1.html
130,2010-11,Michigan,Big Ten,18,18,575,22.6,0.604,0.582,0.536,0.304,245,2.8,13.2,8.2,14.3,2.4,0.4,11.2,26.1,1.8,0.3,2.0,0.141,/players/tim-hardaway-jr-1.html
131,2011-12,Michigan,Big Ten,18,18,649,16.3,0.506,0.462,0.479,0.376,245,4.1,13.1,8.7,11.3,1.1,1.4,12.8,27.0,1.1,0.5,1.6,0.097,/players/tim-hardaway-jr-1.html
132,2012-13,Michigan,Big Ten,18,18,631,16.4,0.529,0.518,0.409,0.191,230,0.6,15.1,8.0,11.2,1.3,1.7,12.1,23.8,1.1,0.5,1.5,0.098,/players/tim-hardaway-jr-1.html
133,2012-13,Louisville,Big East,18,2,262,16.9,0.5,0.535,0.0,0.296,76,13.2,14.5,13.8,3.4,2.3,4.7,14.7,18.9,0.3,0.6,0.8,0.129,/players/montrezl-harrell-1.html
134,2013-14,Louisville,AAC,18,18,578,25.3,0.577,0.598,0.01,0.376,263,11.9,18.5,15.2,8.4,2.0,5.4,10.4,23.0,1.6,1.5,3.1,0.215,/players/montrezl-harrell-1.html
135,2014-15,Louisville,ACC,18,18,659,25.0,0.577,0.569,0.082,0.51,269,10.0,20.2,15.1,8.1,1.7,4.2,11.9,22.5,1.8,1.2,3.0,0.183,/players/montrezl-harrell-1.html
136,2018-19,Kentucky,SEC,18,18,612,21.2,0.625,0.565,0.398,0.309,246,1.2,14.6,8.4,13.6,1.6,0.6,11.7,21.3,2.0,1.1,3.0,0.198,/players/tyler-herro-1.html
137,2012-13,Oklahoma,Big 12,14,11,387,14.7,0.464,0.425,0.354,0.186,127,7.9,11.8,9.9,16.8,2.6,0.9,14.6,19.1,0.5,0.3,0.9,0.091,/players/buddy-hield-1.html
138,2013-14,Oklahoma,Big 12,18,18,602,21.8,0.607,0.592,0.602,0.135,281,5.4,9.6,7.5,12.5,2.7,0.3,11.3,24.0,1.7,0.6,2.3,0.153,/players/buddy-hield-1.html
139,2014-15,Oklahoma,Big 12,18,18,602,23.7,0.569,0.529,0.48,0.301,306,6.2,12.7,9.6,12.8,2.7,0.5,13.1,28.7,1.7,1.0,2.8,0.185,/players/buddy-hield-1.html
140,2015-16,Oklahoma,Big 12,18,18,668,26.0,0.652,0.614,0.586,0.288,389,2.5,13.5,8.2,15.4,1.7,1.5,15.3,30.4,2.4,0.8,3.3,0.195,/players/buddy-hield-1.html
141,2010-11,Washington,Pac-10,18,18,531,16.8,0.558,0.538,0.525,0.165,192,6.4,12.5,9.4,14.4,1.0,3.6,14.1,17.8,1.2,0.5,1.8,0.134,/players/justin-holiday-1.html
142,2018-19,Iowa State,Big 12,18,17,461,14.1,0.47,0.46,0.434,0.185,174,2.8,15.6,9.4,15.7,2.6,1.8,13.4,24.6,0.2,0.5,0.7,0.063,/players/talen-horton-tucker-1.html
143,2016-17,Maryland,Big Ten,18,18,557,15.2,0.558,0.56,0.689,0.079,174,1.7,15.5,9.0,19.2,1.8,1.6,15.6,17.2,0.8,0.8,1.6,0.113,/players/kevin-huerter-1.html
144,2017-18,Maryland,Big Ten,18,18,640,19.3,0.627,0.586,0.546,0.4,267,3.1,14.5,9.0,18.9,1.1,1.8,17.0,22.5,1.6,0.3,1.9,0.121,/players/kevin-huerter-1.html
145,2019-20,VCU,A-10,18,9,434,18.5,0.591,0.585,0.623,0.113,178,1.8,11.2,6.3,18.9,1.9,1.4,13.9,22.9,1.0,0.5,1.5,0.14,/players/nahshon-hyland-1.html
146,2020-21,VCU,A-10,12,12,417,22.8,0.594,0.54,0.538,0.353,210,0.9,17.6,9.3,14.5,3.3,0.8,16.5,29.3,1.0,0.9,1.9,0.183,/players/nahshon-hyland-1.html
147,2015-16,Duke,ACC,18,18,670,20.4,0.548,0.512,0.433,0.328,301,5.6,17.1,11.5,12.8,1.3,3.6,14.1,25.9,1.4,0.7,2.1,0.123,/players/brandon-ingram-1.html
148,2017-18,Michigan State,Big Ten,18,17,400,31.8,0.694,0.659,0.444,0.579,187,5.7,17.7,12.5,10.2,1.5,15.5,13.0,24.4,1.5,1.0,2.6,0.255,/players/jaren-jacksonjr-1.html
149,2016-17,Kansas,Big 12,18,18,572,22.8,0.555,0.543,0.206,0.448,299,8.7,17.3,13.2,19.6,3.0,2.6,17.4,27.8,1.3,0.9,2.1,0.149,/players/josh-jackson-2.html
150,2014-15,UNC,ACC,18,17,514,17.5,0.542,0.52,0.252,0.298,185,6.1,10.2,8.3,14.9,0.8,2.7,11.8,19.0,1.2,0.4,1.6,0.121,/players/justin-jackson-4.html
151,2015-16,UNC,ACC,18,16,519,16.5,0.497,0.484,0.268,0.2,204,6.4,6.9,6.7,16.1,0.7,1.5,6.7,19.9,1.2,0.4,1.7,0.128,/players/justin-jackson-4.html
152,2016-17,UNC,ACC,18,17,586,20.8,0.542,0.524,0.483,0.179,303,5.6,10.0,7.7,13.2,0.8,1.2,9.5,27.6,1.9,0.4,2.3,0.159,/players/justin-jackson-4.html
153,2014-15,UNC,ACC,18,17,514,17.5,0.542,0.52,0.252,0.298,185,6.1,10.2,8.3,14.9,0.8,2.7,11.8,19.0,1.2,0.4,1.6,0.121,/players/justin-jackson-4.html
154,2015-16,UNC,ACC,18,16,519,16.5,0.497,0.484,0.268,0.2,204,6.4,6.9,6.7,16.1,0.7,1.5,6.7,19.9,1.2,0.4,1.7,0.128,/players/justin-jackson-4.html
155,2016-17,UNC,ACC,18,17,586,20.8,0.542,0.524,0.483,0.179,303,5.6,10.0,7.7,13.2,0.8,1.2,9.5,27.6,1.9,0.4,2.3,0.159,/players/justin-jackson-4.html
156,2013-14,Vanderbilt,SEC,18,18,525,16.7,0.534,0.513,0.0,0.481,187,8.8,16.4,12.8,2.7,0.9,5.5,15.8,24.9,0.4,0.8,1.2,0.088,/players/damian-jones-1.html
157,2014-15,Vanderbilt,SEC,18,17,529,19.1,0.534,0.533,0.006,0.594,200,8.2,15.4,11.9,4.3,1.2,7.9,14.5,25.9,0.6,0.8,1.4,0.104,/players/damian-jones-1.html
158,2015-16,Vanderbilt,SEC,18,18,478,24.6,0.623,0.628,0.006,0.488,236,10.5,18.3,14.7,7.7,0.4,5.3,14.5,26.1,1.3,0.8,2.1,0.174,/players/damian-jones-1.html
159,2017-18,Alabama,SEC,17,7,362,8.9,0.397,0.397,0.231,0.141,76,6.5,13.3,10.0,10.1,3.1,4.4,20.9,14.8,-0.3,0.7,0.4,0.047,/players/herb-jones-3.html
160,2018-19,Alabama,SEC,18,13,361,12.3,0.485,0.473,0.088,0.473,122,5.6,10.8,8.3,21.0,2.5,2.2,22.8,20.0,0.1,0.5,0.6,0.062,/players/herb-jones-3.html
161,2019-20,Alabama,SEC,15,14,410,18.8,0.556,0.507,0.072,0.913,133,9.4,18.8,14.0,13.5,3.0,2.6,11.6,12.7,1.0,0.5,1.6,0.155,/players/herb-jones-3.html
162,2020-21,Alabama,SEC,18,18,461,19.8,0.532,0.489,0.211,0.43,209,6.9,15.7,11.4,23.7,3.6,4.0,21.9,21.5,0.8,1.2,2.0,0.173,/players/herb-jones-3.html
163,2010-11,Texas,Big 12,16,16,523,15.2,0.533,0.515,0.407,0.207,160,2.9,9.8,6.5,17.1,1.8,0.9,12.9,16.6,1.1,1.0,2.1,0.157,/players/cory-joseph-1.html
164,2011-12,Kentucky,SEC,16,16,509,19.9,0.506,0.432,0.128,0.56,184,11.4,20.4,16.3,12.5,2.5,3.2,17.3,20.6,1.2,1.0,2.1,0.168,/players/michael-kidd-gilchrist-1.html
165,2010-11,Kentucky,SEC,16,16,592,19.5,0.567,0.519,0.418,0.351,275,2.4,12.9,7.7,22.3,0.8,0.5,15.9,25.2,1.8,0.5,2.3,0.156,/players/brandon-knight-1.html
166,2014-15,Utah,Pac-12,16,0,118,13.2,0.485,0.473,0.514,0.297,42,5.9,22.5,14.9,16.4,0.0,2.7,15.9,24.5,0.1,0.3,0.4,0.123,/players/kyle-kuzma-1.html
167,2015-16,Utah,Pac-12,18,17,452,17.2,0.526,0.517,0.125,0.34,182,9.9,17.1,13.7,14.1,1.2,1.9,18.1,24.0,0.5,0.7,1.3,0.111,/players/kyle-kuzma-1.html
168,2016-17,Utah,Pac-12,17,17,537,25.8,0.575,0.557,0.225,0.312,286,10.9,23.6,17.5,13.2,1.2,1.2,12.0,27.3,1.7,0.9,2.6,0.195,/players/kyle-kuzma-1.html
169,2013-14,UCLA,Pac-12,18,1,465,13.1,0.493,0.46,0.416,0.275,159,2.4,9.2,5.7,13.0,2.5,0.8,10.1,20.1,0.5,0.5,1.0,0.088,/players/zach-lavine-1.html
170,2010-11,San Diego State,MWC,16,16,526,24.8,0.472,0.407,0.129,0.41,254,13.7,29.2,21.6,17.1,2.8,1.9,13.5,28.4,1.3,1.4,2.7,0.204,/players/kawhi-leonard-1.html
171,2010-11,Weber State,Big Sky,1,0,2,0.0,,,,,0,0.0,0.0,0.0,0.0,0.0,0.0,,0.0,0.0,0.0,0.0,-0.001,/players/damian-lillard-1.html
172,2011-12,Weber State,Big Sky,16,16,558,33.9,0.634,0.558,0.453,0.551,371,0.8,14.6,8.2,26.0,2.6,1.0,10.2,32.7,3.5,0.7,4.1,0.297,/players/damian-lillard-1.html
173,2014-15,UCLA,Pac-12,18,18,569,22.6,0.561,0.543,0.172,0.368,210,10.9,22.6,16.6,8.2,2.6,2.1,10.3,19.8,1.5,1.0,2.5,0.176,/players/kevon-looney-1.html
174,2011-12,Furman,Southern,17,11,397,11.8,0.513,0.479,0.351,0.433,121,2.7,16.2,9.4,16.5,2.0,0.6,19.3,19.4,0.4,0.5,0.8,0.083,/players/jordan-loyd-1.html
175,2016-17,Arizona,Pac-12,18,18,527,23.8,0.624,0.576,0.429,0.39,238,10.3,20.6,15.7,3.8,0.8,1.3,9.1,22.8,2.0,0.8,2.8,0.212,/players/lauri-markkanen-1.html
176,2011-12,UNC,ACC,16,0,216,11.1,0.407,0.365,0.0,0.397,61,8.8,18.8,13.9,2.3,1.3,1.4,7.4,17.4,0.2,0.4,0.6,0.103,/players/james-michael-mcadoo-1.html
177,2012-13,UNC,ACC,18,18,565,16.8,0.458,0.438,0.008,0.383,244,8.7,20.2,14.1,7.1,2.7,1.8,13.4,28.8,0.4,0.9,1.2,0.088,/players/james-michael-mcadoo-1.html
178,2013-14,UNC,ACC,18,18,537,20.9,0.484,0.475,0.0,0.621,242,11.1,15.6,13.3,11.1,2.3,3.0,8.9,25.7,1.0,0.9,1.9,0.142,/players/james-michael-mcadoo-1.html
179,2014-15,UNLV,MWC,17,13,552,19.6,0.598,0.581,0.6,0.2,200,2.9,7.1,5.1,22.0,2.9,0.9,13.7,19.8,1.4,0.5,1.9,0.141,/players/patrick-mccaw-1.html
180,2015-16,UNLV,MWC,18,18,610,19.3,0.562,0.519,0.561,0.337,247,3.1,13.9,8.5,22.5,3.5,1.3,14.2,19.5,1.2,1.1,2.3,0.149,/players/patrick-mccaw-1.html
181,2010-11,Lehigh,Patriot,14,14,507,27.1,0.514,0.438,0.313,0.408,313,8.3,21.9,14.9,16.7,3.7,2.7,12.2,34.3,1.5,0.8,2.2,0.177,/players/cj-mccollum-1.html
182,2011-12,Lehigh,Patriot,14,14,487,36.1,0.568,0.522,0.308,0.332,317,5.4,22.3,13.7,25.2,4.4,2.4,7.3,34.1,2.7,1.1,3.8,0.314,/players/cj-mccollum-1.html
183,2010-11,Tennessee,SEC,1,0,3,0.0,,,,,0,0.0,0.0,0.0,0.0,0.0,0.0,,0.0,0.0,0.0,0.0,0.008,/players/jordan-mcrae-1.html
184,2011-12,Tennessee,SEC,16,0,353,16.7,0.508,0.472,0.449,0.336,125,4.8,16.8,11.3,18.0,1.4,3.6,14.5,22.2,0.6,0.6,1.2,0.135,/players/jordan-mcrae-1.html
185,2012-13,Tennessee,SEC,18,18,677,20.9,0.572,0.522,0.386,0.43,321,5.1,12.9,9.0,13.5,1.4,2.5,17.5,28.9,2.0,0.5,2.5,0.147,/players/jordan-mcrae-1.html
186,2013-14,Tennessee,SEC,18,18,597,22.2,0.559,0.502,0.472,0.421,304,1.6,11.2,6.5,18.1,0.9,2.5,11.7,30.4,2.0,0.9,2.9,0.196,/players/jordan-mcrae-1.html
187,2016-17,Utah State,MWC,18,16,546,19.0,0.589,0.555,0.484,0.2,207,2.0,10.8,6.7,26.4,2.4,1.0,11.5,18.3,1.5,0.6,2.1,0.152,/players/sam-merrill-1.html
188,2017-18,Utah State,MWC,18,18,646,21.3,0.695,0.674,0.57,0.164,271,0.8,10.3,5.6,16.3,1.7,1.0,12.5,20.9,2.1,0.3,2.4,0.151,/players/sam-merrill-1.html
189,2018-19,Utah State,MWC,18,18,667,25.0,0.592,0.527,0.457,0.394,371,1.4,10.5,6.1,24.4,1.8,1.1,9.2,28.5,2.9,0.8,3.7,0.222,/players/sam-merrill-1.html
190,2019-20,Utah State,MWC,18,18,642,25.5,0.63,0.571,0.546,0.378,323,0.4,9.9,5.3,25.0,1.6,0.6,9.1,24.9,2.9,0.9,3.8,0.238,/players/sam-merrill-1.html
191,2010-11,Texas A&M,Big 12,16,16,506,19.9,0.528,0.474,0.306,0.393,224,8.9,15.6,12.3,23.5,2.4,0.0,18.6,28.0,1.1,0.5,1.6,0.129,/players/khris-middleton-1.html
192,2011-12,Texas A&M,Big 12,13,10,378,16.2,0.464,0.433,0.327,0.253,151,5.3,19.8,12.3,14.9,1.5,1.6,13.4,28.9,0.2,0.3,0.6,0.058,/players/khris-middleton-1.html
193,2011-12,Holy Cross,Patriot,7,0,38,10.7,0.548,0.6,0.8,0.2,5,0.0,19.7,10.2,5.3,1.6,6.1,15.4,9.3,0.0,0.1,0.1,0.082,/players/malcolm-miller-1.html
194,2012-13,Holy Cross,Patriot,11,11,303,13.7,0.555,0.569,0.471,0.647,74,2.9,26.1,15.0,13.6,1.5,2.3,20.3,16.1,0.3,0.3,0.5,0.073,/players/malcolm-miller-1.html
195,2013-14,Holy Cross,Patriot,18,18,559,20.9,0.57,0.529,0.333,0.321,197,4.5,21.1,12.7,14.9,1.8,6.9,15.1,21.1,1.1,1.1,2.2,0.159,/players/malcolm-miller-1.html
196,2014-15,Holy Cross,Patriot,18,18,585,26.5,0.641,0.584,0.419,0.483,241,4.7,19.1,11.2,8.5,2.6,5.5,10.6,22.6,2.2,0.6,2.8,0.193,/players/malcolm-miller-1.html
197,2015-16,Louisville,ACC,18,5,337,15.7,0.496,0.46,0.348,0.321,126,5.7,12.4,9.0,14.5,2.0,1.0,12.2,22.6,0.5,0.5,1.0,0.12,/players/donovan-mitchell-1.html
198,2016-17,Louisville,ACC,18,18,616,24.4,0.58,0.546,0.518,0.251,303,2.6,11.6,7.0,16.4,3.6,1.1,9.4,25.1,2.2,1.0,3.2,0.207,/players/donovan-mitchell-1.html
199,2020-21,USC,Pac-12,20,20,674,26.9,0.607,0.57,0.1,0.575,298,7.9,20.7,14.4,13.4,1.7,8.2,16.1,22.6,2.1,1.5,3.6,0.214,/players/evan-mobley-1.html
200,2017-18,Murray State,OVC,18,18,640,21.4,0.582,0.531,0.288,0.479,292,7.0,15.5,11.6,32.1,1.9,1.2,19.7,20.2,2.0,1.2,3.2,0.199,/players/temetrius-morant-1.html
201,2018-19,Murray State,OVC,18,18,665,31.9,0.606,0.539,0.314,0.532,511,3.2,10.6,7.1,50.9,2.7,2.6,20.4,33.3,3.3,1.0,4.4,0.264,/players/temetrius-morant-1.html
202,2011-12,Oregon State,Pac-12,18,11,383,17.8,0.487,0.484,0.049,0.803,106,13.1,25.3,19.1,11.8,2.9,9.9,21.4,13.7,0.4,0.5,0.9,0.095,/players/eric-moreland-1.html
203,2012-13,Oregon State,Pac-12,15,8,472,17.3,0.541,0.554,0.096,0.614,131,12.0,27.9,19.8,10.2,1.7,7.3,25.7,15.4,0.4,0.6,1.0,0.082,/players/eric-moreland-1.html
204,2013-14,Oregon State,Pac-12,18,17,530,16.9,0.497,0.479,0.017,0.568,162,9.3,31.9,21.0,9.9,1.4,6.6,21.5,18.6,0.2,0.8,1.0,0.076,/players/eric-moreland-1.html
205,2010-11,Kansas,Big 12,16,16,413,29.5,0.67,0.673,0.176,0.471,210,12.7,26.6,19.9,13.1,1.9,5.7,17.0,24.0,1.7,0.7,2.4,0.232,/players/markieff-morris-1.html
206,2015-16,Washington,Pac-12,18,18,645,15.9,0.489,0.456,0.223,0.314,302,3.4,13.0,8.0,22.7,2.8,0.7,16.0,25.2,0.5,0.6,1.1,0.071,/players/dejounte-murray-1.html
207,2015-16,Kentucky,SEC,18,18,646,27.1,0.621,0.592,0.524,0.271,349,5.0,11.5,8.4,10.2,1.7,0.9,8.7,27.6,2.9,0.9,3.8,0.233,/players/jamal-murray-1.html
208,2012-13,Kentucky,SEC,11,11,375,26.7,0.612,0.638,0.0,0.812,118,9.8,24.0,17.5,8.6,2.5,15.1,19.4,16.6,0.8,0.9,1.7,0.177,/players/nerlens-noel-1.html
209,2013-14,Illinois,Big Ten,18,8,423,16.0,0.594,0.574,0.471,0.149,139,1.3,8.2,4.5,15.9,1.5,0.9,13.9,19.5,0.8,0.4,1.1,0.107,/players/kendrick-nunn-1.html
210,2014-15,Illinois,Big Ten,18,18,630,14.8,0.506,0.468,0.495,0.24,214,1.5,13.5,7.2,15.0,2.2,0.6,13.0,23.1,0.7,0.7,1.4,0.09,/players/kendrick-nunn-1.html
211,2015-16,Illinois,Big Ten,17,16,609,13.5,0.504,0.478,0.534,0.17,218,1.2,16.3,8.5,9.6,2.2,0.7,12.4,24.6,0.1,0.6,0.7,0.046,/players/kendrick-nunn-1.html
212,2017-18,Oakland,Horizon,18,16,702,26.8,0.606,0.567,0.569,0.286,449,3.0,11.7,7.6,20.7,2.2,0.9,11.3,33.3,2.7,0.6,3.2,0.183,/players/kendrick-nunn-1.html
213,2017-18,Louisville,ACC,11,0,112,25.0,0.654,0.613,0.45,0.35,53,2.2,20.4,11.8,13.1,4.1,0.9,14.6,25.1,0.3,0.2,0.6,0.197,/players/jordan-nwora-1.html
214,2018-19,Louisville,ACC,18,18,610,17.5,0.535,0.502,0.475,0.247,271,3.2,19.6,11.7,9.9,1.3,1.3,13.4,27.6,0.9,1.2,2.1,0.135,/players/jordan-nwora-1.html
215,2019-20,Louisville,ACC,20,19,680,21.8,0.572,0.529,0.475,0.28,305,5.4,22.1,13.9,8.4,1.2,1.2,11.1,25.2,2.0,1.1,3.1,0.185,/players/jordan-nwora-1.html
216,2014-15,Duke,ACC,17,17,540,28.7,0.635,0.652,0.0,0.567,276,15.7,18.7,17.3,9.4,1.3,3.8,17.2,25.9,1.9,0.8,2.7,0.199,/players/jahlil-okafor-1.html
217,2019-20,Auburn,SEC,15,15,496,18.6,0.565,0.512,0.346,0.638,186,5.5,9.8,7.6,14.5,1.9,3.0,13.6,18.8,1.3,0.4,1.7,0.137,/players/isaac-okoro-1.html
218,2010-11,Indiana,Big Ten,18,5,342,20.1,0.594,0.556,0.191,0.584,132,9.0,15.5,12.2,8.0,2.2,1.4,15.6,21.8,0.9,0.0,0.9,0.107,/players/victor-oladipo-1.html
219,2011-12,Indiana,Big Ten,18,16,498,19.4,0.528,0.458,0.204,0.507,197,8.9,17.6,13.5,13.1,2.8,3.0,17.4,22.8,1.1,0.4,1.5,0.119,/players/victor-oladipo-1.html
220,2012-13,Indiana,Big Ten,18,18,523,29.1,0.658,0.623,0.214,0.409,250,13.6,16.3,15.0,15.9,4.1,2.8,17.8,22.8,2.3,1.0,3.3,0.251,/players/victor-oladipo-1.html
221,2010-11,Gonzaga,WCC,14,0,156,17.3,0.528,0.534,0.25,0.659,61,14.2,24.0,19.3,6.1,1.5,1.4,17.2,23.2,0.3,0.3,0.5,0.133,/players/kelly-olynyk-1.html
222,2012-13,Gonzaga,WCC,16,16,427,42.2,0.727,0.705,0.083,0.548,276,12.4,22.8,18.1,18.2,1.7,6.7,15.2,31.1,3.0,1.0,4.0,0.376,/players/kelly-olynyk-1.html
223,2010-11,Florida,SEC,15,14,534,22.6,0.58,0.576,0.393,0.31,206,8.5,24.4,16.3,20.5,1.6,1.0,14.4,19.4,1.7,0.8,2.5,0.185,/players/chandler-parsons-1.html
224,2014-15,Fordham,A-10,16,16,534,17.7,0.508,0.448,0.358,0.345,246,6.0,13.0,9.4,7.2,1.9,1.5,13.9,29.8,0.7,0.4,1.1,0.081,/players/eric-paschall-1.html
225,2016-17,Villanova,Big East,18,7,407,13.1,0.569,0.562,0.315,0.18,111,8.9,10.1,9.5,4.9,1.3,3.3,15.0,15.0,0.6,0.5,1.2,0.114,/players/eric-paschall-1.html
226,2017-18,Villanova,Big East,16,16,510,20.7,0.724,0.703,0.397,0.302,192,4.5,11.9,8.4,12.8,2.3,1.8,14.8,15.4,1.7,0.5,2.2,0.172,/players/eric-paschall-1.html
227,2018-19,Villanova,Big East,18,18,671,20.9,0.591,0.547,0.491,0.397,288,3.0,17.3,10.1,13.0,1.2,1.8,11.6,24.1,2.0,0.7,2.6,0.158,/players/eric-paschall-1.html
228,2011-12,Louisiana,Sun Belt,16,1,338,10.7,0.451,0.425,0.057,0.874,128,6.1,12.8,9.5,31.1,2.2,1.3,29.7,25.5,-0.3,0.6,0.3,0.034,/players/elfrid-payton-1.html
229,2012-13,Louisiana,Sun Belt,20,20,733,24.7,0.563,0.525,0.1,0.569,379,3.7,13.8,8.8,36.3,3.8,1.8,18.3,25.2,2.3,0.8,3.0,0.165,/players/elfrid-payton-1.html
230,2013-14,Louisiana,Sun Belt,18,18,676,26.5,0.568,0.552,0.095,0.625,376,7.5,12.3,9.8,34.6,3.9,1.9,17.3,26.0,2.2,1.0,3.2,0.187,/players/elfrid-payton-1.html
231,2010-11,Duke,ACC,16,13,424,18.5,0.542,0.566,0.0,0.5,120,13.1,28.3,21.0,9.0,1.5,6.4,22.9,14.3,0.5,1.1,1.7,0.158,/players/mason-plumlee-1.html
232,2011-12,Duke,ACC,16,13,434,21.0,0.524,0.483,0.0,0.647,172,11.9,24.3,18.2,10.8,1.5,4.5,15.6,21.1,1.0,0.7,1.7,0.154,/players/mason-plumlee-1.html
233,2012-13,Duke,ACC,18,18,647,24.1,0.588,0.556,0.0,0.652,299,10.3,24.2,17.3,12.1,1.9,3.8,17.5,23.7,2.0,1.1,3.1,0.189,/players/mason-plumlee-1.html
234,2013-14,Arkansas,SEC,18,18,528,21.9,0.545,0.506,0.094,0.371,212,9.1,15.7,12.3,9.6,2.4,6.6,10.7,20.5,1.1,0.9,1.9,0.147,/players/bobby-portis-1.html
235,2014-15,Arkansas,SEC,18,18,562,31.4,0.6,0.566,0.049,0.313,309,13.8,20.6,17.0,9.4,1.7,6.3,10.0,27.0,2.3,0.9,3.1,0.224,/players/bobby-portis-1.html
236,2011-12,UCLA,Pac-12,18,1,329,8.1,0.467,0.47,0.451,0.037,73,1.3,13.4,7.5,9.1,1.1,1.3,15.2,15.9,0.1,0.3,0.5,0.055,/players/norman-powell-1.html
237,2012-13,UCLA,Pac-12,18,1,333,6.7,0.498,0.486,0.471,0.129,69,1.1,10.5,5.9,9.2,1.0,1.9,22.0,14.5,-0.1,0.3,0.3,0.034,/players/norman-powell-1.html
238,2013-14,UCLA,Pac-12,18,18,472,17.4,0.581,0.553,0.277,0.362,174,3.1,10.0,6.5,11.1,2.4,1.8,9.8,19.3,1.0,0.6,1.6,0.134,/players/norman-powell-1.html
239,2014-15,UCLA,Pac-12,18,18,651,21.2,0.537,0.496,0.236,0.324,278,2.5,13.5,7.8,13.1,3.5,1.3,11.9,26.6,1.4,1.0,2.3,0.144,/players/norman-powell-1.html
240,2018-19,Kentucky,SEC,18,0,297,12.0,0.558,0.5,0.636,0.409,83,0.0,11.5,6.2,11.7,1.4,0.0,13.2,16.1,0.5,0.5,1.0,0.128,/players/immanuel-quickley-1.html
241,2019-20,Kentucky,SEC,18,14,635,23.3,0.62,0.533,0.43,0.528,300,1.6,12.2,7.4,11.0,1.6,0.5,8.9,23.7,2.6,0.6,3.3,0.206,/players/immanuel-quickley-1.html
242,2013-14,Kentucky,SEC,18,18,563,22.8,0.558,0.494,0.042,0.661,243,13.0,25.2,19.1,8.2,1.4,2.9,16.6,23.1,1.3,1.0,2.4,0.169,/players/julius-randle-1.html
243,2010-11,Colorado,Big 12,16,0,358,19.5,0.559,0.548,0.222,0.524,108,17.1,23.3,20.2,7.1,3.0,4.3,16.9,13.1,0.8,0.4,1.2,0.137,/players/andre-roberson-1.html
244,2011-12,Colorado,Pac-12,18,18,527,25.6,0.532,0.523,0.18,0.467,202,12.6,34.2,23.8,8.6,2.7,8.7,13.7,21.3,1.1,1.4,2.5,0.193,/players/andre-roberson-1.html
245,2012-13,Colorado,Pac-12,16,15,555,19.3,0.503,0.489,0.275,0.261,162,10.8,28.7,20.0,6.7,4.1,3.7,20.5,18.7,0.4,1.4,1.9,0.136,/players/andre-roberson-1.html
246,2014-15,Ohio State,Big Ten,18,18,642,28.2,0.575,0.54,0.454,0.348,362,3.7,17.3,10.5,32.7,2.6,0.7,13.6,30.6,2.5,1.0,3.5,0.22,/players/dangelo-russell-1.html
247,2014-15,Gonzaga,WCC,18,0,412,23.5,0.652,0.656,0.0,0.552,159,12.4,25.2,19.6,8.8,1.1,1.3,15.4,19.2,1.4,1.0,2.3,0.225,/players/domantas-sabonis-1.html
248,2015-16,Gonzaga,WCC,18,18,591,27.1,0.62,0.571,0.042,0.623,310,10.0,30.8,21.4,13.2,1.0,2.7,16.5,26.0,2.1,1.4,3.4,0.232,/players/domantas-sabonis-1.html
249,2017-18,Alabama,SEC,16,15,464,20.1,0.513,0.438,0.317,0.538,272,3.5,10.4,7.1,31.1,1.6,0.7,14.1,33.4,1.0,0.6,1.6,0.136,/players/collin-sexton-1.html
250,2016-17,Wichita State,MVC,18,18,513,24.2,0.73,0.713,0.589,0.277,222,1.7,9.5,5.8,24.1,1.5,0.7,10.6,17.5,2.3,1.0,3.3,0.256,/players/landry-shamet-1.html
251,2017-18,Wichita State,AAC,17,17,551,18.8,0.611,0.58,0.679,0.301,229,1.5,10.3,5.9,29.4,1.2,0.8,16.4,19.4,1.7,0.5,2.2,0.161,/players/landry-shamet-1.html
252,2010-11,Georgia Tech,ACC,16,16,531,26.9,0.523,0.473,0.35,0.387,299,7.2,17.0,11.6,26.0,4.9,0.4,12.2,30.2,1.8,0.8,2.6,0.195,/players/iman-shumpert-1.html
253,2014-15,New Mexico State,WAC,14,14,483,28.0,0.666,0.615,0.0,0.53,190,14.8,17.3,16.1,8.8,1.9,5.0,15.1,19.9,1.9,1.4,3.3,0.273,/players/pascal-siakam-1.html
254,2015-16,New Mexico State,WAC,14,14,486,31.4,0.569,0.551,0.026,0.378,254,14.0,24.2,19.5,13.7,2.0,8.1,10.5,26.8,1.7,1.6,3.3,0.273,/players/pascal-siakam-1.html
255,2015-16,LSU,SEC,18,17,647,27.6,0.594,0.549,0.005,0.906,381,8.6,26.4,17.5,26.9,3.0,1.5,18.5,27.9,2.0,0.9,2.9,0.179,/players/ben-simmons-1.html
256,2010-11,Duke,ACC,16,16,581,17.2,0.487,0.446,0.385,0.264,252,9.1,15.1,12.3,9.7,1.0,0.6,11.3,25.0,1.2,0.9,2.2,0.149,/players/kyle-singler-1.html
257,2012-13,Oklahoma State,Big 12,18,17,605,24.9,0.548,0.471,0.288,0.601,304,5.3,15.1,10.3,24.2,5.5,1.3,17.8,27.5,1.6,1.3,3.0,0.195,/players/marcus-smart-1.html
258,2013-14,Oklahoma State,Big 12,15,15,519,27.4,0.539,0.454,0.439,0.673,303,6.2,15.6,11.1,33.4,4.6,1.7,12.2,29.5,1.7,1.0,2.7,0.206,/players/marcus-smart-1.html
259,2016-17,NC State,ACC,18,18,641,23.1,0.565,0.534,0.389,0.5,352,3.6,12.8,8.1,34.7,3.1,1.3,18.8,27.3,1.6,0.0,1.6,0.103,/players/dennis-smithjr-1.html
260,2019-20,Washington,Pac-12,18,18,603,23.8,0.598,0.527,0.071,0.645,256,9.3,18.6,14.2,7.0,1.2,8.0,16.3,22.2,1.6,1.1,2.7,0.177,/players/isaiah-stewart-2.html
261,2014-15,Ohio State,Big Ten,18,12,436,23.5,0.616,0.624,0.112,0.52,171,10.1,14.5,12.3,3.0,1.9,2.4,9.8,21.2,1.4,0.6,2.0,0.18,/players/jaesean-tate-1.html
262,2015-16,Ohio State,Big Ten,15,15,447,18.8,0.547,0.545,0.104,0.285,175,7.9,13.7,10.9,12.1,2.0,0.8,11.4,21.2,0.9,0.6,1.4,0.129,/players/jaesean-tate-1.html
263,2016-17,Ohio State,Big Ten,18,18,570,19.2,0.551,0.544,0.123,0.385,247,6.1,15.6,11.0,15.3,2.3,2.0,16.0,24.5,0.9,0.5,1.4,0.1,/players/jaesean-tate-1.html
264,2017-18,Ohio State,Big Ten,18,18,557,22.0,0.593,0.577,0.123,0.411,233,5.8,17.5,12.1,18.0,2.4,2.9,16.3,22.7,1.3,1.1,2.4,0.173,/players/jaesean-tate-1.html
265,2016-17,Duke,ACC,18,18,605,20.6,0.565,0.511,0.362,0.339,280,5.2,19.7,12.6,13.1,2.0,2.7,16.3,25.7,1.3,0.6,2.0,0.129,/players/jayson-tatum-1.html
266,2010-11,Washington,Pac-10,18,18,589,22.4,0.569,0.512,0.46,0.526,333,2.5,10.8,6.6,37.4,2.1,0.2,18.4,26.3,2.2,0.6,2.8,0.189,/players/isaiah-thomas-1.html
267,2010-11,Washington State,Pac-10,17,16,606,22.9,0.545,0.498,0.437,0.28,342,4.1,15.7,10.2,25.7,2.4,3.8,16.9,33.2,1.3,0.8,2.2,0.143,/players/klay-thompson-1.html
268,2010-11,Texas,Big 12,16,16,501,26.0,0.547,0.557,0.0,0.919,235,14.1,15.3,14.7,10.0,1.3,7.6,11.9,24.7,1.6,1.2,2.8,0.223,/players/tristan-thompson-2.html
269,2015-16,Washington,Pac-12,18,18,480,11.4,0.536,0.5,0.546,0.315,134,3.7,9.3,6.4,9.8,2.4,3.1,17.3,14.1,0.4,0.4,0.8,0.068,/players/matisse-thybulle-1.html
270,2016-17,Washington,Pac-12,18,18,575,13.4,0.522,0.506,0.515,0.101,171,2.5,9.6,5.8,9.7,3.8,1.6,16.5,17.6,0.4,0.2,0.6,0.045,/players/matisse-thybulle-1.html
271,2017-18,Washington,Pac-12,18,18,586,18.0,0.573,0.562,0.497,0.19,191,3.8,7.7,5.8,14.1,4.9,3.9,17.3,17.6,0.8,1.1,1.9,0.129,/players/matisse-thybulle-1.html
272,2018-19,Washington,Pac-12,18,18,572,23.1,0.585,0.539,0.527,0.349,186,4.3,8.8,6.6,15.2,7.5,9.7,21.8,18.0,0.9,1.8,2.6,0.184,/players/matisse-thybulle-1.html
273,2014-15,Kentucky,SEC,18,18,388,33.2,0.643,0.588,0.025,0.542,191,13.9,22.8,18.6,13.0,1.3,12.2,12.2,23.9,1.8,1.2,3.1,0.315,/players/karl-anthony-towns-1.html
274,2014-15,Texas,Big 12,18,6,438,20.9,0.508,0.446,0.257,0.399,159,6.1,24.0,15.5,2.7,0.6,12.5,13.3,25.0,0.5,0.9,1.4,0.13,/players/myles-turner-1.html
275,2012-13,Wichita State,MVC,18,0,304,15.1,0.444,0.422,0.312,0.143,92,3.6,10.6,7.2,30.9,3.6,0.8,18.0,17.4,0.4,0.4,0.9,0.115,/players/fred-van-vleet-1.html
276,2013-14,Wichita State,MVC,18,18,562,27.1,0.634,0.566,0.343,0.599,251,4.4,11.9,8.3,36.0,3.7,0.4,11.6,18.8,2.6,1.4,4.0,0.282,/players/fred-van-vleet-1.html
277,2014-15,Wichita State,MVC,18,18,538,29.1,0.611,0.549,0.344,0.513,256,3.9,14.2,9.2,39.8,3.5,0.6,14.3,23.6,2.5,1.4,3.9,0.288,/players/fred-van-vleet-1.html
278,2015-16,Wichita State,MVC,18,18,531,24.7,0.546,0.483,0.373,0.356,257,1.3,12.6,7.0,41.2,3.6,0.5,12.3,22.9,1.9,1.6,3.5,0.26,/players/fred-van-vleet-1.html
279,2010-11,USC,Pac-10,18,18,633,31.8,0.614,0.581,0.191,0.333,323,11.0,29.8,20.1,8.6,1.0,3.1,6.9,26.7,3.1,1.0,4.1,0.26,/players/nikola-vucevic-1.html
280,2019-20,Michigan,Big Ten,20,20,651,18.6,0.567,0.532,0.522,0.249,235,3.5,18.1,10.8,6.8,2.3,2.1,11.6,20.7,1.2,0.8,2.0,0.126,/players/franz-wagner-1.html
281,2020-21,Michigan,Big Ten,17,17,557,24.5,0.612,0.577,0.381,0.28,225,2.8,17.7,11.0,16.9,2.7,3.4,10.4,20.2,1.9,1.2,3.1,0.221,/players/franz-wagner-1.html
282,2010-11,Syracuse,Big East,17,0,273,12.7,0.416,0.375,0.457,0.207,89,4.0,9.5,6.9,16.3,4.2,1.2,13.7,22.4,0.1,0.3,0.5,0.071,/players/dion-waiters-1.html
283,2011-12,Syracuse,Big East,18,0,454,22.7,0.52,0.488,0.326,0.355,200,3.3,10.1,6.8,20.7,4.3,1.7,10.7,26.0,1.2,0.8,2.1,0.181,/players/dion-waiters-1.html
284,2010-11,UConn,Big East,18,18,700,25.2,0.5,0.447,0.319,0.373,385,4.1,12.6,8.4,28.2,2.6,0.3,7.8,31.7,2.5,0.7,3.2,0.182,/players/kemba-walker-1.html
285,2017-18,Kentucky,SEC,18,11,496,18.5,0.541,0.5,0.097,0.769,196,7.5,14.4,11.1,9.7,2.2,3.6,14.5,21.3,0.9,0.7,1.6,0.126,/players/pj-washington-1.html
286,2018-19,Kentucky,SEC,18,18,553,25.5,0.601,0.581,0.239,0.472,270,8.7,16.0,12.6,11.9,1.6,3.6,12.4,26.2,1.9,1.1,3.0,0.218,/players/pj-washington-1.html
287,2018-19,UNC,ACC,18,18,537,21.8,0.59,0.557,0.549,0.252,301,1.9,10.6,6.3,25.9,2.0,2.1,16.4,28.0,1.5,0.8,2.4,0.176,/players/coby-white-1.html
288,2013-14,Kansas,Big 12,18,18,588,23.4,0.571,0.509,0.311,0.562,308,10.7,11.9,11.4,10.3,2.3,3.1,13.7,27.0,1.9,0.8,2.7,0.184,/players/andrew-wiggins-1.html
289,2010-11,Arizona,Pac-10,18,18,556,29.3,0.673,0.645,0.169,0.924,313,12.2,26.3,19.6,8.0,1.5,2.0,17.1,28.0,2.6,0.7,3.2,0.234,/players/derrick-williams-2.html
290,2019-20,Florida State,ACC,18,0,427,17.6,0.522,0.462,0.25,0.371,155,7.7,14.1,10.9,4.4,2.2,6.5,15.7,21.5,0.6,0.7,1.4,0.128,/players/patrick-williams-2.html
291,2016-17,Texas A&M,SEC,18,15,505,26.2,0.544,0.545,0.067,0.402,224,15.0,23.7,19.5,11.5,1.6,9.8,14.8,24.9,1.0,0.9,1.9,0.153,/players/robert-williams-3.html
292,2017-18,Texas A&M,SEC,17,14,437,27.5,0.622,0.636,0.057,0.35,186,10.6,24.5,17.6,9.5,1.3,9.2,14.2,21.4,1.1,0.8,1.9,0.173,/players/robert-williams-3.html
293,2016-17,Texas A&M,SEC,18,15,505,26.2,0.544,0.545,0.067,0.402,224,15.0,23.7,19.5,11.5,1.6,9.8,14.8,24.9,1.0,0.9,1.9,0.153,/players/robert-williams-3.html
294,2017-18,Texas A&M,SEC,17,14,437,27.5,0.622,0.636,0.057,0.35,186,10.6,24.5,17.6,9.5,1.3,9.2,14.2,21.4,1.1,0.8,1.9,0.173,/players/robert-williams-3.html
295,2018-19,Duke,ACC,13,13,385,43.1,0.721,0.733,0.168,0.559,258,11.8,18.3,15.1,18.2,3.9,5.7,12.8,28.8,2.3,0.9,3.2,0.33,/players/zion-williamson-1.html
296,2014-15,Duke,ACC,18,18,560,21.6,0.57,0.559,0.299,0.39,226,5.4,19.0,12.5,12.5,2.8,2.8,13.9,22.3,1.4,0.9,2.3,0.167,/players/justise-winslow-1.html
297,2017-18,Oklahoma,Big 12,18,18,669,24.5,0.555,0.478,0.522,0.462,523,1.5,10.5,6.1,45.7,2.4,0.7,19.9,38.6,1.9,0.4,2.2,0.134,/players/trae-young-1.html
298,2011-12,Indiana,Big Ten,18,18,514,29.5,0.658,0.616,0.0,0.616,262,10.6,17.1,14.1,9.2,1.9,4.2,12.8,25.2,2.5,0.4,2.9,0.225,/players/cody-zeller-1.html
299,2012-13,Indiana,Big Ten,18,18,555,29.3,0.606,0.536,0.0,0.682,298,13.1,21.1,17.4,9.6,2.2,4.3,15.0,27.8,2.5,1.0,3.4,0.247,/players/cody-zeller-1.html
300,2010-11,UNC,ACC,16,14,447,24.7,0.619,0.58,0.0,0.527,208,12.5,13.6,13.1,1.4,1.1,3.3,10.1,21.9,1.7,0.7,2.4,0.217,/players/tyler-zeller-1.html
301,2011-12,UNC,ACC,16,16,459,34.7,0.637,0.569,0.0,0.597,272,15.6,21.8,18.7,5.0,2.1,6.7,12.4,26.9,2.4,1.0,3.5,0.303,/players/tyler-zeller-1.html
