,TEAM_3_LETTERS,SEASON,LEAGUE,W,L,W/L%,FINISH,SRS,PACE,REL_PACE,ORtg,REL_ORTG,DRTG,REL_DRTG,PLAYOFFS
0,ATL,2021-22,NBA,43,39,0.524,2nd of 5,1.55,97.7,-0.5,116.5,4.5,114.9,2.9,Lost E. Conf. 1st Rnd.
1,ATL,2020-21,NBA,41,31,0.569,1st of 5,2.14,97.6,-1.6,115.7,3.4,113.3,1.0,Lost E. Conf. Finals
2,ATL,2019-20,NBA,20,47,0.299,5th of 5,-7.71,103.0,2.7,107.2,-3.4,114.8,4.2,not_play
3,ATL,2018-19,NBA,29,53,0.354,5th of 5,-6.06,103.9,3.9,108.1,-2.3,113.9,3.5,not_play
4,ATL,2017-18,NBA,24,58,0.293,5th of 5,-5.3,98.3,1.0,105.0,-3.6,110.6,2.0,not_play
5,ATL,2016-17,NBA,43,39,0.524,2nd of 5,-1.23,97.4,1.0,104.9,-3.9,105.7,-3.1,Lost E. Conf. 1st Rnd.
6,ATL,2015-16,NBA,48,34,0.585,2nd of 5,3.49,97.1,1.3,105.1,-1.3,101.4,-5.0,Lost E. Conf. Semis
7,ATL,2014-15,NBA,60,22,0.732,1st of 5,4.75,93.9,0.0,108.9,3.3,103.1,-2.5,Lost E. Conf. Finals
8,ATL,2013-14,NBA,38,44,0.463,4th of 5,-0.88,94.6,0.7,105.9,-0.8,106.4,-0.3,Lost E. Conf. 1st Rnd.
9,ATL,2012-13,NBA,44,38,0.537,2nd of 5,-0.08,92.6,0.6,104.8,-1.1,104.4,-1.5,Lost E. Conf. 1st Rnd.
10,ATL,2011-12,NBA,40,26,0.606,2nd of 5,2.67,90.2,-1.1,104.9,0.3,101.2,-3.4,Lost E. Conf. 1st Rnd.
11,ATL,2010-11,NBA,44,38,0.537,3rd of 5,-1.1,89.3,-2.8,106.1,-1.2,107.0,-0.3,Lost E. Conf. Semis
12,ATL,2009-10,NBA,53,29,0.646,2nd of 5,4.44,90.1,-2.6,111.9,4.3,106.7,-0.9,Lost E. Conf. Semis
13,ATL,2008-09,NBA,47,35,0.573,2nd of 5,1.7,89.6,-2.1,109.3,1.0,107.6,-0.7,Lost E. Conf. Semis
14,ATL,2007-08,NBA,37,45,0.451,3rd of 5,-2.23,91.1,-1.3,106.9,-0.6,108.9,1.4,Lost E. Conf. 1st Rnd.
15,ATL,2006-07,NBA,30,52,0.366,5th of 5,-4.86,90.0,-1.9,103.0,-3.5,108.3,1.8,not_play
16,ATL,2005-06,NBA,26,56,0.317,5th of 5,-4.69,90.4,-0.1,106.4,0.2,111.6,5.4,not_play
17,ATL,2004-05,NBA,13,69,0.159,5th of 5,-9.62,91.4,0.5,100.6,-5.5,111.1,5.0,not_play
18,ATL,2003-04,NBA,28,54,0.341,7th of 8,-5.0,90.8,0.7,101.0,-1.9,106.1,3.2,not_play
19,ATL,2002-03,NBA,35,47,0.427,5th of 8,-3.87,91.0,0.0,102.3,-1.3,106.1,2.5,not_play
20,ATL,2001-02,NBA,33,49,0.402,6th of 8,-4.41,91.9,1.2,101.8,-2.7,106.4,1.9,not_play
21,ATL,2000-01,NBA,25,57,0.305,7th of 8,-5.55,91.9,0.6,98.7,-4.3,104.3,1.3,not_play
22,ATL,1999-00,NBA,28,54,0.341,7th of 8,-5.41,91.7,-1.4,102.0,-2.1,107.9,3.8,not_play
23,ATL,1998-99,NBA,31,19,0.62,2nd of 8,2.82,85.3,-3.6,100.5,-1.7,97.1,-5.1,Lost E. Conf. Semis
24,ATL,1997-98,NBA,50,32,0.61,4th of 8,3.85,87.7,-2.6,108.2,3.2,104.3,-0.7,Lost E. Conf. 1st Rnd.
25,ATL,1996-97,NBA,56,26,0.683,2nd of 8,5.52,86.8,-3.3,108.5,1.8,102.3,-4.4,Lost E. Conf. Semis
26,ATL,1995-96,NBA,46,36,0.561,4th of 8,1.29,89.6,-2.2,109.4,1.8,108.0,0.4,Lost E. Conf. Semis
27,ATL,1994-95,NBA,42,40,0.512,5th of 7,1.06,89.8,-3.1,106.6,-1.7,105.2,-3.1,Lost E. Conf. 1st Rnd.
28,ATL,1993-94,NBA,57,25,0.695,1st of 7,4.94,94.2,-0.9,107.2,0.9,101.7,-4.6,Lost E. Conf. Semis
29,ATL,1992-93,NBA,43,39,0.524,4th of 7,-0.67,97.6,0.8,109.3,1.3,110.2,2.2,Lost E. Conf. 1st Rnd.
30,ATL,1991-92,NBA,38,44,0.463,5th of 7,-1.15,97.8,1.2,107.3,-0.9,108.9,0.7,not_play
31,ATL,1990-91,NBA,43,39,0.524,4th of 7,0.72,98.6,0.8,110.9,3.0,110.1,2.2,Lost E. Conf. 1st Rnd.
32,ATL,1989-90,NBA,41,41,0.5,6th of 7,0.64,95.8,-2.5,113.0,4.9,111.9,3.8,not_play
33,ATL,1988-89,NBA,52,30,0.634,3rd of 6,5.26,98.3,-2.3,112.2,4.4,107.2,-0.6,Lost E. Conf. 1st Rnd.
34,ATL,1987-88,NBA,50,32,0.61,3rd of 6,4.02,96.4,-3.2,111.3,3.3,107.6,-0.4,Lost E. Conf. Semis
35,ATL,1986-87,NBA,57,25,0.695,1st of 6,7.18,97.4,-3.4,112.6,4.3,105.2,-3.1,Lost E. Conf. Semis
36,ATL,1985-86,NBA,50,32,0.61,2nd of 6,2.59,100.0,-2.1,107.9,0.7,105.6,-1.6,Lost E. Conf. Semis
37,BOS,2021-22,NBA,51,31,0.622,1st of 5,7.02,96.6,-1.6,114.4,2.4,106.9,-5.1,Won E. Conf. Finals
38,BOS,2020-21,NBA,36,36,0.5,4th of 5,1.32,98.3,-0.9,114.0,1.7,112.5,0.2,Lost E. Conf. 1st Rnd.
39,BOS,2019-20,NBA,48,24,0.667,2nd of 5,5.83,99.5,-0.8,113.3,2.7,107.0,-3.6,Lost E. Conf. Finals
40,BOS,2018-19,NBA,49,33,0.598,3rd of 5,3.9,99.6,-0.4,112.2,1.8,107.8,-2.6,Lost E. Conf. Semis
41,BOS,2017-18,NBA,55,27,0.671,2nd of 5,3.23,96.0,-1.3,107.6,-1.0,103.9,-4.7,Lost E. Conf. Finals
42,BOS,2016-17,NBA,53,29,0.646,1st of 5,2.25,96.8,0.4,111.2,2.4,108.4,-0.4,Lost E. Conf. Finals
43,BOS,2015-16,NBA,48,34,0.585,2nd of 5,2.84,98.5,2.7,106.8,0.4,103.6,-2.8,Lost E. Conf. 1st Rnd.
44,BOS,2014-15,NBA,40,42,0.488,2nd of 5,-0.4,95.8,1.9,104.7,-0.9,104.5,-1.1,Lost E. Conf. 1st Rnd.
45,BOS,2013-14,NBA,25,57,0.305,4th of 5,-4.97,93.3,-0.6,102.9,-3.8,107.7,1.0,not_play
46,BOS,2012-13,NBA,41,40,0.506,3rd of 5,-0.62,91.7,-0.3,103.1,-2.8,103.3,-2.6,Lost E. Conf. 1st Rnd.
47,BOS,2011-12,NBA,39,27,0.591,1st of 5,2.26,90.4,-0.9,101.0,-3.6,98.2,-6.4,Lost E. Conf. Finals
48,BOS,2010-11,NBA,56,26,0.683,1st of 5,4.83,90.4,-1.7,106.2,-1.1,100.3,-7.0,Lost E. Conf. Semis
49,BOS,2009-10,NBA,50,32,0.61,1st of 5,3.37,91.6,-1.1,107.7,0.1,103.8,-3.8,Lost Finals
50,BOS,2008-09,NBA,62,20,0.756,1st of 5,7.44,90.4,-1.3,110.5,2.2,102.3,-6.0,Lost E. Conf. Semis
51,BOS,2007-08,NBA,66,16,0.805,1st of 5,9.3,90.9,-1.5,110.2,2.7,98.9,-8.6,Won Finals
52,BOS,2006-07,NBA,24,58,0.293,5th of 5,-3.7,92.0,0.1,103.2,-3.3,106.9,0.4,not_play
53,BOS,2005-06,NBA,33,49,0.402,3rd of 5,-1.59,92.2,1.7,105.2,-1.0,106.9,0.7,not_play
54,BOS,2004-05,NBA,45,37,0.549,1st of 5,0.35,93.3,2.4,107.5,1.4,106.6,0.5,Lost E. Conf. 1st Rnd.
55,BOS,2003-04,NBA,36,46,0.439,4th of 7,-1.99,93.2,3.1,102.1,-0.8,103.7,0.8,Lost E. Conf. 1st Rnd.
56,BOS,2002-03,NBA,44,38,0.537,3rd of 7,-0.75,90.9,-0.1,101.2,-2.4,101.6,-2.0,Lost E. Conf. Semis
57,BOS,2001-02,NBA,49,33,0.598,2nd of 7,1.75,92.5,1.8,103.4,-1.1,101.0,-3.5,Lost E. Conf. Finals
58,BOS,2000-01,NBA,36,46,0.439,5th of 7,-2.4,92.6,1.3,101.4,-1.6,103.7,0.7,not_play
59,BOS,1999-00,NBA,35,47,0.427,5th of 7,-1.0,94.6,1.5,104.8,0.7,105.6,1.5,not_play
60,BOS,1998-99,NBA,19,31,0.38,5th of 7,-1.75,91.5,2.6,100.4,-1.8,102.4,0.2,not_play
61,BOS,1997-98,NBA,36,46,0.439,6th of 7,-1.96,93.3,3.0,102.6,-2.4,105.4,0.4,not_play
62,BOS,1996-97,NBA,15,67,0.183,7th of 7,-6.62,95.8,5.7,103.9,-2.8,111.4,4.7,not_play
63,BOS,1995-96,NBA,33,49,0.402,5th of 7,-3.37,96.2,4.4,106.4,-1.2,109.9,2.3,not_play
64,BOS,1994-95,NBA,35,47,0.427,3rd of 7,-1.92,94.0,1.1,108.6,0.3,110.6,2.3,Lost E. Conf. 1st Rnd.
65,BOS,1993-94,NBA,32,50,0.39,5th of 7,-4.28,95.6,0.5,104.2,-2.1,108.7,2.4,not_play
66,BOS,1992-93,NBA,48,34,0.585,2nd of 7,0.93,94.9,-1.9,108.7,0.7,107.8,-0.2,Lost E. Conf. 1st Rnd.
67,BOS,1991-92,NBA,51,31,0.622,1st of 7,3.41,95.8,-0.8,110.8,2.6,107.0,-1.2,Lost E. Conf. Semis
68,BOS,1990-91,NBA,56,26,0.683,1st of 6,5.22,98.5,0.7,112.6,4.7,106.7,-1.2,Lost E. Conf. Semis
69,BOS,1989-90,NBA,52,30,0.634,2nd of 6,3.23,98.2,-0.1,112.0,3.9,107.9,-0.2,Lost E. Conf. 1st Rnd.
70,BOS,1988-89,NBA,42,40,0.512,3rd of 6,1.26,98.1,-2.5,110.8,3.0,109.6,1.8,Lost E. Conf. 1st Rnd.
71,BOS,1987-88,NBA,57,25,0.695,1st of 5,6.15,97.9,-1.7,115.4,7.4,109.4,1.4,Lost E. Conf. Finals
72,BOS,1986-87,NBA,59,23,0.72,1st of 5,6.57,98.6,-2.2,113.5,5.2,106.8,-1.5,Lost Finals
73,BOS,1985-86,NBA,67,15,0.817,1st of 5,9.06,101.2,-0.9,111.8,4.6,102.6,-4.6,Won Finals
74,NJN,2021-22,NBA,44,38,0.537,4th of 5,0.82,99.0,0.8,113.6,1.6,112.8,0.8,Lost E. Conf. 1st Rnd.
75,NJN,2020-21,NBA,48,24,0.667,2nd of 5,4.24,99.5,0.3,118.3,6.0,113.8,1.5,Lost E. Conf. Semis
76,NJN,2019-20,NBA,35,37,0.486,4th of 5,-1.01,101.4,1.1,108.9,-1.7,109.5,-1.1,Lost E. Conf. 1st Rnd.
77,NJN,2018-19,NBA,42,40,0.512,4th of 5,-0.4,100.8,0.8,109.6,-0.8,109.7,-0.7,Lost E. Conf. 1st Rnd.
78,NJN,2017-18,NBA,28,54,0.341,5th of 5,-3.67,98.9,1.6,106.9,-1.7,110.6,2.0,not_play
79,NJN,2016-17,NBA,20,62,0.244,5th of 5,-6.74,101.3,4.9,104.1,-4.7,110.7,1.9,not_play
80,NJN,2015-16,NBA,21,61,0.256,4th of 5,-7.12,95.2,-0.6,103.2,-3.2,110.9,4.5,not_play
81,NJN,2014-15,NBA,38,44,0.463,3rd of 5,-3.13,92.7,-1.2,104.4,-1.2,107.4,1.8,Lost E. Conf. 1st Rnd.
82,NJN,2013-14,NBA,44,38,0.537,2nd of 5,-1.58,91.4,-2.5,106.7,0.0,107.7,1.0,Lost E. Conf. Semis
83,NJN,2012-13,NBA,49,33,0.598,2nd of 5,1.25,88.8,-3.2,108.2,2.3,106.2,0.3,Lost E. Conf. 1st Rnd.
84,NJN,2011-12,NBA,22,44,0.333,5th of 5,-6.37,90.1,-1.2,102.9,-1.7,109.6,5.0,not_play
85,NJN,2010-11,NBA,24,58,0.293,4th of 5,-6.28,89.9,-2.2,103.1,-4.2,109.9,2.6,not_play
86,NJN,2009-10,NBA,12,70,0.146,5th of 5,-8.93,91.4,-1.3,100.6,-7.0,110.5,2.9,not_play
87,NJN,2008-09,NBA,34,48,0.415,3rd of 5,-2.31,89.9,-1.8,108.3,0.0,111.0,2.7,not_play
88,NJN,2007-08,NBA,34,48,0.415,4th of 5,-5.15,91.5,-0.9,104.0,-3.5,109.4,1.9,not_play
89,NJN,2006-07,NBA,41,41,0.5,2nd of 5,-1.0,91.4,-0.5,105.7,-0.8,106.6,0.1,Lost E. Conf. Semis
90,NJN,2005-06,NBA,49,33,0.598,1st of 5,1.11,89.8,-0.7,103.9,-2.3,102.4,-3.8,Lost E. Conf. Semis
91,NJN,2004-05,NBA,42,40,0.512,3rd of 5,-1.82,89.1,-1.8,101.4,-4.7,103.1,-3.0,Lost E. Conf. 1st Rnd.
92,NJN,2003-04,NBA,47,35,0.573,1st of 7,1.88,89.4,-0.7,100.8,-2.1,98.0,-4.9,Lost E. Conf. Semis
93,NJN,2002-03,NBA,49,33,0.598,1st of 7,4.42,91.6,0.6,103.8,0.2,98.1,-5.5,Lost Finals
94,NJN,2001-02,NBA,52,30,0.634,1st of 7,3.67,91.8,1.1,104.0,-0.5,99.5,-5.0,Lost Finals
95,NJN,2000-01,NBA,26,56,0.317,6th of 7,-5.3,91.8,0.5,100.0,-3.0,105.5,2.5,not_play
96,NJN,1999-00,NBA,31,51,0.378,6th of 7,-1.18,92.5,-0.6,105.1,1.0,106.3,2.2,not_play
97,NJN,1998-99,NBA,16,34,0.32,7th of 7,-3.2,91.5,2.6,99.5,-2.7,103.6,1.4,not_play
98,NJN,1997-98,NBA,43,39,0.524,3rd of 7,1.88,91.0,0.7,108.3,3.3,106.6,1.6,Lost E. Conf. 1st Rnd.
99,NJN,1996-97,NBA,26,56,0.317,5th of 7,-3.89,92.4,2.3,104.7,-2.0,109.7,3.0,not_play
100,NJN,1995-96,NBA,30,52,0.366,6th of 7,-4.14,90.9,-0.9,101.9,-5.7,106.5,-1.1,not_play
101,NJN,1994-95,NBA,30,52,0.366,5th of 7,-3.28,92.3,-0.6,105.2,-3.1,108.6,0.3,not_play
102,NJN,1993-94,NBA,45,37,0.549,3rd of 7,2.11,95.5,0.4,107.2,0.9,104.9,-1.4,Lost E. Conf. 1st Rnd.
103,NJN,1992-93,NBA,43,39,0.524,3rd of 7,1.2,96.0,-0.8,106.5,-1.5,105.2,-2.8,Lost E. Conf. 1st Rnd.
104,NJN,1991-92,NBA,40,42,0.488,3rd of 7,-1.54,98.0,1.4,107.0,-1.2,108.7,0.5,Lost E. Conf. 1st Rnd.
105,NJN,1990-91,NBA,26,56,0.317,5th of 6,-4.53,99.3,1.5,102.9,-5.0,107.4,-0.5,not_play
106,NJN,1989-90,NBA,17,65,0.207,6th of 6,-7.82,99.3,1.0,100.7,-7.4,108.6,0.5,not_play
107,NJN,1988-89,NBA,26,56,0.317,5th of 6,-5.69,100.1,-0.5,103.0,-4.8,109.3,1.5,not_play
108,NJN,1987-88,NBA,19,63,0.232,5th of 5,-6.98,98.6,-1.0,101.4,-6.6,109.6,1.6,not_play
109,NJN,1986-87,NBA,24,58,0.293,4th of 5,-4.42,101.8,1.0,105.6,-2.7,110.5,2.2,not_play
110,NJN,1985-86,NBA,39,43,0.476,4th of 5,-1.39,103.3,1.2,105.0,-2.2,106.9,-0.3,Lost E. Conf. 1st Rnd.
111,CHA,2021-22,NBA,43,39,0.524,3rd of 5,0.53,100.0,1.8,114.1,2.1,113.7,1.7,not_play
112,CHA,2020-21,NBA,33,39,0.458,4th of 5,-1.94,98.3,-0.9,110.9,-1.4,112.8,0.5,not_play
113,CHA,2019-20,NBA,23,42,0.354,3rd of 5,-7.03,95.8,-4.5,106.3,-4.3,113.3,2.7,not_play
114,CHA,2018-19,NBA,39,43,0.476,2nd of 5,-1.32,98.7,-1.3,111.4,1.0,112.5,2.1,not_play
115,CHA,2017-18,NBA,36,46,0.439,3rd of 5,0.07,98.4,1.1,109.4,0.8,109.1,0.5,not_play
116,CHA,2016-17,NBA,36,46,0.439,4th of 5,-0.07,95.7,-0.7,108.8,0.0,108.6,-0.2,not_play
117,CHA,2015-16,NBA,48,34,0.585,3rd of 5,2.36,95.7,-0.1,107.1,0.7,104.3,-2.1,Lost E. Conf. 1st Rnd.
118,CHA,2014-15,NBA,33,49,0.402,4th of 5,-3.44,93.0,-0.9,100.1,-5.5,103.5,-2.1,not_play
119,CHA,2013-14,NBA,43,39,0.524,3rd of 5,-0.89,92.4,-1.5,103.6,-3.1,103.8,-2.9,Lost E. Conf. 1st Rnd.
120,CHA,2012-13,NBA,21,61,0.256,4th of 5,-9.29,91.5,-0.5,101.5,-4.4,111.5,5.6,not_play
121,CHA,2011-12,NBA,7,59,0.106,5th of 5,-13.96,91.1,-0.2,95.2,-9.4,110.4,5.8,not_play
122,CHA,2010-11,NBA,34,48,0.415,4th of 5,-4.08,89.6,-2.5,103.4,-3.9,107.8,0.5,not_play
123,CHA,2009-10,NBA,44,38,0.537,4th of 5,1.3,90.4,-2.3,104.4,-3.2,102.8,-4.8,Lost E. Conf. 1st Rnd.
124,CHA,2008-09,NBA,35,47,0.427,4th of 5,-1.2,88.3,-3.4,104.7,-3.6,106.1,-2.2,not_play
125,CHA,2007-08,NBA,32,50,0.39,4th of 5,-4.49,91.8,-0.6,104.6,-2.9,109.4,1.9,not_play
126,CHA,2006-07,NBA,33,49,0.402,4th of 5,-3.97,92.0,0.1,103.6,-2.9,107.6,1.1,not_play
127,CHA,2005-06,NBA,26,56,0.317,4th of 5,-3.9,93.4,2.9,102.5,-3.7,106.7,0.5,not_play
128,CHA,2004-05,NBA,18,64,0.22,4th of 5,-6.15,92.3,1.4,101.1,-5.0,107.5,1.4,not_play
129,CHA,2001-02,NBA,44,38,0.537,2nd of 8,0.57,89.7,-1.0,104.3,-0.2,103.3,-1.2,Lost E. Conf. Semis
130,CHA,2000-01,NBA,46,36,0.561,3rd of 8,1.45,89.4,-1.9,101.8,-1.2,99.5,-3.5,Lost E. Conf. Semis
131,CHA,1999-00,NBA,49,33,0.598,2nd of 8,2.33,93.9,0.8,104.3,0.2,101.4,-2.7,Lost E. Conf. 1st Rnd.
132,CHA,1998-99,NBA,26,24,0.52,5th of 8,0.63,89.7,0.8,102.3,0.1,102.4,0.2,not_play
133,CHA,1997-98,NBA,51,31,0.622,3rd of 8,2.45,89.4,-0.9,107.5,2.5,105.3,0.3,Lost E. Conf. Semis
134,CHA,1996-97,NBA,54,28,0.659,4th of 8,2.13,88.6,-1.5,110.9,4.2,108.9,2.2,Lost E. Conf. 1st Rnd.
135,CHA,1995-96,NBA,41,41,0.5,6th of 8,-0.48,91.6,-0.2,111.2,3.6,111.8,4.2,not_play
136,CHA,1994-95,NBA,50,32,0.61,2nd of 7,2.87,91.2,-1.7,109.6,1.3,106.1,-2.2,Lost E. Conf. 1st Rnd.
137,CHA,1993-94,NBA,41,41,0.5,5th of 7,-0.23,97.5,2.4,108.4,2.1,108.6,2.3,not_play
138,CHA,1992-93,NBA,44,38,0.537,3rd of 7,-0.02,100.2,3.4,109.5,1.5,109.7,1.7,Lost E. Conf. Semis
139,CHA,1991-92,NBA,31,51,0.378,7th of 7,-3.57,101.7,5.1,107.1,-1.1,110.9,2.7,not_play
140,CHA,1990-91,NBA,26,56,0.317,7th of 7,-4.95,97.3,-0.5,105.0,-2.9,110.4,2.5,not_play
141,CHA,1989-90,NBA,19,63,0.232,7th of 7,-7.0,98.1,-0.2,102.0,-6.1,109.9,1.8,not_play
142,CHA,1988-89,NBA,20,62,0.244,6th of 6,-7.74,100.3,-0.3,103.7,-4.1,112.1,4.3,not_play
143,CHI,2021-22,NBA,46,36,0.561,2nd of 5,-0.38,98.3,0.1,113.2,1.2,113.6,1.6,Lost E. Conf. 1st Rnd.
144,CHI,2020-21,NBA,31,41,0.431,3rd of 5,-0.94,99.0,-0.2,111.1,-1.2,112.0,-0.3,not_play
145,CHI,2019-20,NBA,22,43,0.338,3rd of 5,-4.0,99.7,-0.6,106.7,-3.9,109.8,-0.8,not_play
146,CHI,2018-19,NBA,22,60,0.268,4th of 5,-8.32,99.0,-1.0,104.8,-5.6,113.2,2.8,not_play
147,CHI,2017-18,NBA,27,55,0.329,5th of 5,-6.84,98.3,1.0,103.8,-4.8,110.9,2.3,not_play
148,CHI,2016-17,NBA,41,41,0.5,4th of 5,0.03,95.3,-1.1,107.4,-1.4,107.0,-1.8,Lost E. Conf. 1st Rnd.
149,CHI,2015-16,NBA,42,40,0.512,4th of 5,-1.46,95.7,-0.1,105.0,-1.4,106.5,0.1,not_play
150,CHI,2014-15,NBA,50,32,0.61,2nd of 5,2.54,92.8,-1.1,107.5,1.9,104.3,-1.3,Lost E. Conf. Semis
151,CHI,2013-14,NBA,48,34,0.585,2nd of 5,1.2,90.2,-3.7,102.5,-4.2,100.5,-6.2,Lost E. Conf. 1st Rnd.
152,CHI,2012-13,NBA,45,37,0.549,2nd of 5,-0.02,89.3,-2.7,103.5,-2.4,103.2,-2.7,Lost E. Conf. Semis
153,CHI,2011-12,NBA,50,16,0.758,1st of 5,7.43,89.1,-2.2,107.4,2.8,98.3,-6.3,Lost E. Conf. 1st Rnd.
154,CHI,2010-11,NBA,62,20,0.756,1st of 5,6.53,90.4,-1.7,108.3,1.0,100.3,-7.0,Lost E. Conf. Finals
155,CHI,2009-10,NBA,41,41,0.5,3rd of 5,-1.64,93.1,0.4,103.5,-4.1,105.3,-2.3,Lost E. Conf. 1st Rnd.
156,CHI,2008-09,NBA,41,41,0.5,2nd of 5,-0.16,93.1,1.4,108.4,0.1,108.7,0.4,Lost E. Conf. 1st Rnd.
157,CHI,2007-08,NBA,33,49,0.402,4th of 5,-3.19,93.0,0.6,103.9,-3.6,107.2,-0.3,not_play
158,CHI,2006-07,NBA,49,33,0.598,3rd of 5,4.52,93.6,1.7,104.9,-1.6,99.6,-6.9,Lost E. Conf. Semis
159,CHI,2005-06,NBA,41,41,0.5,4th of 5,0.51,92.9,2.4,104.0,-2.2,103.4,-2.8,Lost E. Conf. 1st Rnd.
160,CHI,2004-05,NBA,47,35,0.573,2nd of 5,0.65,92.4,1.5,101.4,-4.7,100.3,-5.8,Lost E. Conf. 1st Rnd.
161,CHI,2003-04,NBA,23,59,0.28,8th of 8,-6.69,92.2,2.1,96.6,-6.3,103.4,0.5,not_play
162,CHI,2002-03,NBA,30,52,0.366,6th of 8,-5.31,93.5,2.5,100.2,-3.4,105.6,2.0,not_play
163,CHI,2001-02,NBA,21,61,0.256,8th of 8,-8.52,90.5,-0.2,98.2,-6.3,107.6,3.1,not_play
164,CHI,2000-01,NBA,15,67,0.183,8th of 8,-9.09,89.3,-2.0,97.2,-5.8,107.3,4.3,not_play
165,CHI,1999-00,NBA,17,65,0.207,8th of 8,-9.23,89.4,-3.7,94.2,-9.9,104.6,0.5,not_play
166,CHI,1998-99,NBA,13,37,0.26,8th of 8,-8.58,88.1,-0.8,92.4,-9.8,103.0,0.8,not_play
167,CHI,1997-98,NBA,62,20,0.756,1st of 8,7.24,89.0,-1.3,107.7,2.7,99.8,-5.2,Won Finals
168,CHI,1996-97,NBA,69,13,0.841,1st of 8,10.7,90.0,-0.1,114.4,7.7,102.4,-4.3,Won Finals
169,CHI,1995-96,NBA,72,10,0.878,1st of 8,11.8,91.1,-0.7,115.2,7.6,101.8,-5.8,Won Finals
170,CHI,1994-95,NBA,47,35,0.573,3rd of 7,4.32,92.0,-0.9,109.5,1.2,104.3,-4.0,Lost E. Conf. Semis
171,CHI,1993-94,NBA,55,27,0.671,2nd of 7,2.87,91.9,-3.2,106.1,-0.2,102.7,-3.6,Lost E. Conf. Semis
172,CHI,1992-93,NBA,57,25,0.695,1st of 7,6.19,92.5,-4.3,112.9,4.9,106.1,-1.9,Won Finals
173,CHI,1991-92,NBA,67,15,0.817,1st of 7,10.07,94.4,-2.2,115.5,7.3,104.5,-3.7,Won Finals
174,CHI,1990-91,NBA,61,21,0.744,1st of 7,8.57,95.6,-2.2,114.6,6.7,105.2,-2.7,Won Finals
175,CHI,1989-90,NBA,55,27,0.671,2nd of 7,2.74,96.7,-1.6,112.3,4.2,109.0,0.9,Lost E. Conf. Finals
176,CHI,1988-89,NBA,47,35,0.573,5th of 6,2.13,97.0,-3.6,109.1,1.3,107.7,-0.1,Lost E. Conf. Finals
177,CHI,1987-88,NBA,50,32,0.61,2nd of 6,3.76,95.5,-4.1,109.0,1.0,105.5,-2.5,Lost E. Conf. Semis
178,CHI,1986-87,NBA,40,42,0.488,5th of 6,1.26,95.8,-5.0,108.6,0.3,107.6,-0.7,Lost E. Conf. 1st Rnd.
179,CHI,1985-86,NBA,30,52,0.366,4th of 6,-3.12,99.7,-2.4,108.6,1.4,112.4,5.2,Lost E. Conf. 1st Rnd.
180,CLE,2021-22,NBA,44,38,0.537,3rd of 5,2.04,96.1,-2.1,111.9,-0.1,109.7,-2.3,not_play
181,CLE,2020-21,NBA,22,50,0.306,4th of 5,-8.19,97.3,-1.9,105.8,-6.5,114.4,2.1,not_play
182,CLE,2019-20,NBA,19,46,0.292,5th of 5,-7.77,98.7,-1.6,107.5,-3.1,115.4,4.8,not_play
183,CLE,2018-19,NBA,19,63,0.232,5th of 5,-9.39,96.6,-3.4,107.7,-2.7,117.6,7.2,not_play
184,CLE,2017-18,NBA,50,32,0.61,1st of 5,0.59,98.0,0.7,112.9,4.3,111.9,3.3,Lost Finals
185,CLE,2016-17,NBA,51,31,0.622,1st of 5,2.87,96.2,-0.2,113.6,4.8,110.3,1.5,Lost Finals
186,CLE,2015-16,NBA,57,25,0.695,1st of 5,5.45,93.3,-2.5,110.9,4.5,104.5,-1.9,Won Finals
187,CLE,2014-15,NBA,53,29,0.646,1st of 5,4.08,92.3,-1.6,111.1,5.5,106.3,0.7,Lost Finals
188,CLE,2013-14,NBA,33,49,0.402,3rd of 5,-3.86,93.1,-0.8,104.2,-2.5,107.7,1.0,not_play
189,CLE,2012-13,NBA,24,58,0.293,5th of 5,-4.87,92.3,0.3,104.3,-1.6,109.4,3.5,not_play
190,CLE,2011-12,NBA,21,45,0.318,5th of 5,-7.34,91.3,0.0,101.1,-3.5,108.9,4.3,not_play
191,CLE,2010-11,NBA,19,63,0.232,5th of 5,-8.88,93.0,0.9,102.2,-5.1,111.8,4.5,not_play
192,CLE,2009-10,NBA,61,21,0.744,1st of 5,6.17,91.4,-1.3,111.2,3.6,104.1,-3.5,Lost E. Conf. Semis
193,CLE,2008-09,NBA,66,16,0.805,1st of 5,8.68,88.7,-3.0,112.4,4.1,102.4,-5.9,Lost E. Conf. Finals
194,CLE,2007-08,NBA,45,37,0.549,2nd of 5,-0.53,90.2,-2.2,106.0,-1.5,106.4,-1.1,Lost E. Conf. Semis
195,CLE,2006-07,NBA,50,32,0.61,2nd of 5,3.33,90.8,-1.1,105.5,-1.0,101.3,-5.2,Lost Finals
196,CLE,2005-06,NBA,50,32,0.61,2nd of 5,2.17,89.8,-0.7,107.8,1.6,105.4,-0.8,Lost E. Conf. Semis
197,CLE,2004-05,NBA,42,40,0.512,4th of 5,0.27,89.7,-1.2,106.6,0.5,105.7,-0.4,not_play
198,CLE,2003-04,NBA,35,47,0.427,5th of 8,-3.07,90.8,0.7,101.4,-1.5,104.2,1.3,not_play
199,CLE,2002-03,NBA,17,65,0.207,8th of 8,-9.59,94.0,3.0,96.5,-7.1,106.7,3.1,not_play
200,CLE,2001-02,NBA,29,53,0.354,7th of 8,-3.52,90.3,-0.4,104.6,0.1,108.2,3.7,not_play
201,CLE,2000-01,NBA,30,52,0.366,6th of 8,-4.48,91.2,-0.1,100.3,-2.7,104.9,1.9,not_play
202,CLE,1999-00,NBA,32,50,0.39,6th of 8,-3.64,95.7,2.6,100.4,-3.7,104.0,-0.1,not_play
203,CLE,1998-99,NBA,22,28,0.44,7th of 8,-0.94,86.4,-2.5,99.6,-2.6,101.6,-0.6,not_play
204,CLE,1997-98,NBA,47,35,0.573,5th of 8,3.06,89.9,-0.4,102.2,-2.8,99.1,-5.9,Lost E. Conf. 1st Rnd.
205,CLE,1996-97,NBA,42,40,0.512,5th of 8,2.32,82.9,-7.2,104.6,-2.1,102.4,-4.3,not_play
206,CLE,1995-96,NBA,47,35,0.573,3rd of 8,2.49,82.3,-9.5,109.9,2.3,106.7,-0.9,Lost E. Conf. 1st Rnd.
207,CLE,1994-95,NBA,43,39,0.524,4th of 7,0.55,84.8,-8.1,105.3,-3.0,104.6,-3.7,Lost E. Conf. 1st Rnd.
208,CLE,1993-94,NBA,47,35,0.573,4th of 7,3.64,91.7,-3.4,109.4,3.1,105.1,-1.2,Lost E. Conf. 1st Rnd.
209,CLE,1992-93,NBA,54,28,0.659,2nd of 7,6.3,94.8,-2.0,112.7,4.7,106.0,-2.0,Lost E. Conf. Semis
210,CLE,1991-92,NBA,57,25,0.695,2nd of 7,5.34,95.0,-1.6,113.9,5.7,108.2,0.0,Lost E. Conf. Finals
211,CLE,1990-91,NBA,33,49,0.402,6th of 7,-2.33,95.1,-2.7,106.1,-1.8,108.7,0.8,not_play
212,CLE,1989-90,NBA,42,40,0.512,4th of 7,-0.62,95.0,-3.3,106.9,-1.2,107.2,-0.9,Lost E. Conf. 1st Rnd.
213,CLE,1988-89,NBA,57,25,0.695,2nd of 6,7.95,98.0,-2.6,110.6,2.8,102.9,-4.9,Lost E. Conf. 1st Rnd.
214,CLE,1987-88,NBA,42,40,0.512,5th of 6,1.28,97.3,-2.3,106.8,-1.2,106.0,-2.0,Lost E. Conf. 1st Rnd.
215,CLE,1986-87,NBA,31,51,0.378,6th of 6,-3.19,101.3,0.5,102.6,-5.7,106.4,-1.9,not_play
216,CLE,1985-86,NBA,29,53,0.354,5th of 6,-2.19,101.6,-0.5,105.5,-1.7,108.3,1.1,not_play
217,DAL,2021-22,NBA,52,30,0.634,2nd of 5,3.12,95.4,-2.8,112.8,0.8,109.4,-2.6,Lost W. Conf. Finals
218,DAL,2020-21,NBA,42,30,0.583,1st of 5,2.26,97.3,-1.9,115.4,3.1,113.0,0.7,Lost W. Conf. 1st Rnd.
219,DAL,2019-20,NBA,43,32,0.573,2nd of 5,4.87,99.3,-1.0,116.7,6.1,111.7,1.1,Lost W. Conf. 1st Rnd.
220,DAL,2018-19,NBA,33,49,0.402,5th of 5,-0.87,99.0,-1.0,109.4,-1.0,110.7,0.3,not_play
221,DAL,2017-18,NBA,24,58,0.293,4th of 5,-2.7,95.6,-1.7,106.3,-2.3,109.5,0.9,not_play
222,DAL,2016-17,NBA,33,49,0.402,5th of 5,-2.53,92.2,-4.2,105.6,-3.2,108.8,0.0,not_play
223,DAL,2015-16,NBA,42,40,0.512,2nd of 5,-0.02,94.3,-1.5,106.7,0.3,107.0,0.6,Lost W. Conf. 1st Rnd.
224,DAL,2014-15,NBA,50,32,0.61,4th of 5,3.36,95.2,1.3,109.5,3.9,106.4,0.8,Lost W. Conf. 1st Rnd.
225,DAL,2013-14,NBA,49,33,0.598,4th of 5,2.91,93.5,-0.4,111.2,4.5,108.7,2.0,Lost W. Conf. 1st Rnd.
226,DAL,2012-13,NBA,41,41,0.5,4th of 5,-0.24,94.1,2.1,105.9,0.0,106.5,0.6,not_play
227,DAL,2011-12,NBA,36,30,0.545,3rd of 5,1.78,91.4,0.1,103.3,-1.3,102.3,-2.3,Lost W. Conf. 1st Rnd.
228,DAL,2010-11,NBA,57,25,0.695,2nd of 5,4.41,91.3,-0.8,109.7,2.4,105.0,-2.3,Won Finals
229,DAL,2009-10,NBA,55,27,0.671,1st of 5,2.66,92.5,-0.2,109.2,1.6,106.3,-1.3,Lost W. Conf. 1st Rnd.
230,DAL,2008-09,NBA,50,32,0.61,3rd of 5,1.68,91.5,-0.2,110.5,2.2,108.4,0.1,Lost W. Conf. Semis
231,DAL,2007-08,NBA,51,31,0.622,4th of 5,4.7,90.2,-2.2,111.1,3.6,106.1,-1.4,Lost W. Conf. 1st Rnd.
232,DAL,2006-07,NBA,67,15,0.817,1st of 5,7.28,89.5,-2.4,111.3,4.8,103.2,-3.3,Lost W. Conf. 1st Rnd.
233,DAL,2005-06,NBA,60,22,0.732,2nd of 5,5.96,87.8,-2.7,111.8,5.6,105.0,-1.2,Lost Finals
234,DAL,2004-05,NBA,58,24,0.707,2nd of 5,5.86,92.7,1.8,110.3,4.2,104.1,-2.0,Lost W. Conf. Semis
235,DAL,2003-04,NBA,52,30,0.634,3rd of 7,4.86,93.2,3.1,112.1,9.2,107.4,4.5,Lost W. Conf. 1st Rnd.
236,DAL,2002-03,NBA,60,22,0.732,2nd of 7,7.9,92.5,1.5,110.7,7.1,102.3,-1.3,Lost W. Conf. Finals
237,DAL,2001-02,NBA,57,25,0.695,2nd of 7,4.41,92.8,2.1,112.2,7.7,107.7,3.2,Lost W. Conf. Semis
238,DAL,2000-01,NBA,53,29,0.646,3rd of 7,4.61,93.2,1.9,107.1,4.1,102.6,-0.4,Lost W. Conf. Semis
239,DAL,1999-00,NBA,40,42,0.488,4th of 7,-0.29,94.9,1.8,106.6,2.5,107.2,3.1,not_play
240,DAL,1998-99,NBA,19,31,0.38,5th of 7,-2.5,89.0,0.1,102.3,0.1,104.9,2.7,not_play
241,DAL,1997-98,NBA,20,62,0.244,5th of 7,-6.33,89.9,-0.4,100.5,-4.5,107.2,2.2,not_play
242,DAL,1996-97,NBA,24,58,0.293,4th of 7,-6.47,89.0,-1.1,101.1,-5.6,108.2,1.5,not_play
243,DAL,1995-96,NBA,26,56,0.317,6th of 7,-4.71,95.4,3.6,106.1,-1.5,111.2,3.6,not_play
244,DAL,1994-95,NBA,36,46,0.439,5th of 6,-2.39,94.7,1.8,107.6,-0.7,110.6,2.3,not_play
245,DAL,1993-94,NBA,13,69,0.159,6th of 6,-8.19,94.5,-0.6,100.4,-5.9,109.6,3.3,not_play
246,DAL,1992-93,NBA,11,71,0.134,6th of 6,-14.68,99.5,2.7,99.5,-8.5,114.7,6.7,not_play
247,DAL,1991-92,NBA,22,60,0.268,5th of 6,-7.47,94.4,-2.2,103.0,-5.2,111.1,2.9,not_play
248,DAL,1990-91,NBA,28,54,0.341,6th of 7,-4.27,94.2,-3.6,105.5,-2.4,110.3,2.4,not_play
249,DAL,1989-90,NBA,47,35,0.573,3rd of 7,0.42,94.5,-3.8,107.2,-0.9,107.2,-0.9,Lost W. Conf. 1st Rnd.
250,DAL,1988-89,NBA,38,44,0.463,4th of 6,-1.79,95.9,-4.7,107.4,-0.4,108.6,0.8,not_play
251,DAL,1987-88,NBA,53,29,0.646,2nd of 6,3.59,97.0,-2.6,112.2,4.2,107.7,-0.3,Lost W. Conf. Finals
252,DAL,1986-87,NBA,55,27,0.671,1st of 6,5.54,100.5,-0.3,114.9,6.6,108.7,0.4,Lost W. Conf. 1st Rnd.
253,DAL,1985-86,NBA,44,38,0.537,3rd of 6,0.7,102.2,0.1,112.1,4.9,111.0,3.8,Lost W. Conf. Semis
254,DEN,2021-22,NBA,48,34,0.585,2nd of 5,2.16,97.8,-0.4,114.5,2.5,112.1,0.1,Lost W. Conf. 1st Rnd.
255,DEN,2020-21,NBA,47,25,0.653,2nd of 5,4.82,97.1,-2.1,117.1,4.8,112.1,-0.2,Lost W. Conf. Semis
256,DEN,2019-20,NBA,46,27,0.63,1st of 5,2.35,97.1,-3.2,113.1,2.5,111.0,0.4,Lost W. Conf. Finals
257,DEN,2018-19,NBA,54,28,0.659,1st of 5,4.19,97.7,-2.3,113.0,2.6,108.9,-1.5,Lost W. Conf. Semis
258,DEN,2017-18,NBA,46,36,0.561,5th of 5,1.57,96.8,-0.5,112.5,3.9,111.0,2.4,not_play
259,DEN,2016-17,NBA,40,42,0.488,4th of 5,0.7,98.3,1.9,113.2,4.4,112.7,3.9,not_play
260,DEN,2015-16,NBA,33,49,0.402,4th of 5,-2.81,95.7,-0.1,105.6,-0.8,108.9,2.5,not_play
261,DEN,2014-15,NBA,30,52,0.366,4th of 5,-3.07,96.1,2.2,104.5,-1.1,108.2,2.6,not_play
262,DEN,2013-14,NBA,36,46,0.439,4th of 5,-1.4,98.1,4.2,106.0,-0.7,108.2,1.5,not_play
263,DEN,2012-13,NBA,57,25,0.695,2nd of 5,5.37,95.1,3.1,110.4,4.5,105.1,-0.8,Lost W. Conf. 1st Rnd.
264,DEN,2011-12,NBA,38,28,0.576,2nd of 5,3.16,94.2,2.9,109.2,4.6,106.2,1.6,Lost W. Conf. 1st Rnd.
265,DEN,2010-11,NBA,50,32,0.61,2nd of 5,4.81,95.6,3.5,112.3,5.0,107.3,0.0,Lost W. Conf. 1st Rnd.
266,DEN,2009-10,NBA,53,29,0.646,1st of 5,4.15,94.8,2.1,111.8,4.2,107.5,-0.1,Lost W. Conf. 1st Rnd.
267,DEN,2008-09,NBA,54,28,0.659,1st of 5,3.13,94.3,2.6,110.4,2.1,106.8,-1.5,Lost W. Conf. Finals
268,DEN,2007-08,NBA,50,32,0.61,2nd of 5,3.74,99.7,7.3,110.0,2.5,106.3,-1.2,Lost W. Conf. 1st Rnd.
269,DEN,2006-07,NBA,45,37,0.549,2nd of 5,1.69,97.4,5.5,107.6,1.1,105.9,-0.6,Lost W. Conf. 1st Rnd.
270,DEN,2005-06,NBA,44,38,0.537,1st of 5,0.36,93.9,3.4,105.5,-0.7,105.2,-1.0,Lost W. Conf. 1st Rnd.
271,DEN,2004-05,NBA,49,33,0.598,2nd of 5,2.23,93.5,2.6,106.0,-0.1,103.9,-2.2,Lost W. Conf. 1st Rnd.
272,DEN,2003-04,NBA,43,39,0.524,6th of 7,1.65,93.3,3.2,103.9,1.0,102.7,-0.2,Lost W. Conf. 1st Rnd.
273,DEN,2002-03,NBA,17,65,0.207,7th of 7,-7.41,91.0,0.0,92.2,-11.4,101.3,-2.3,not_play
274,DEN,2001-02,NBA,27,55,0.329,6th of 7,-5.19,90.4,-0.3,101.4,-3.1,107.8,3.3,not_play
275,DEN,2000-01,NBA,40,42,0.488,6th of 7,-1.83,92.6,1.3,103.7,0.7,106.3,3.3,not_play
276,DEN,1999-00,NBA,35,47,0.427,5th of 7,-1.76,94.7,1.6,103.5,-0.6,105.8,1.7,not_play
277,DEN,1998-99,NBA,14,36,0.28,6th of 7,-6.67,90.5,1.6,103.1,0.9,110.4,8.2,not_play
278,DEN,1997-98,NBA,11,71,0.134,7th of 7,-11.74,89.7,-0.6,99.0,-6.0,112.1,7.1,not_play
279,DEN,1996-97,NBA,21,61,0.256,5th of 7,-6.4,92.4,2.3,104.5,-2.2,111.2,4.5,not_play
280,DEN,1995-96,NBA,35,47,0.427,4th of 7,-2.62,92.2,0.4,105.2,-2.4,108.1,0.5,not_play
281,DEN,1994-95,NBA,41,41,0.5,4th of 6,0.96,91.5,-1.4,109.1,0.8,108.2,-0.1,Lost W. Conf. 1st Rnd.
282,DEN,1993-94,NBA,42,40,0.512,4th of 6,1.54,96.1,1.0,103.9,-2.4,102.3,-4.0,Lost W. Conf. Semis
283,DEN,1992-93,NBA,36,46,0.439,4th of 6,-2.14,99.8,3.0,104.6,-3.4,106.3,-1.7,not_play
284,DEN,1991-92,NBA,24,58,0.293,4th of 6,-7.59,98.6,2.0,100.7,-7.5,108.6,0.4,not_play
285,DEN,1990-91,NBA,20,62,0.244,7th of 7,-10.31,113.7,15.9,105.2,-2.7,114.7,6.8,not_play
286,DEN,1989-90,NBA,43,39,0.524,4th of 7,1.56,105.4,7.1,108.0,-0.1,106.7,-1.4,Lost W. Conf. 1st Rnd.
287,DEN,1988-89,NBA,44,38,0.537,3rd of 6,0.91,107.5,6.9,108.6,0.8,107.1,-0.7,Lost W. Conf. 1st Rnd.
288,DEN,1987-88,NBA,54,28,0.659,1st of 6,3.32,105.5,5.9,110.1,2.1,106.3,-1.7,Lost W. Conf. Semis
289,DEN,1986-87,NBA,37,45,0.451,4th of 6,-1.14,106.2,5.4,109.3,1.0,110.2,1.9,Lost W. Conf. 1st Rnd.
290,DEN,1985-86,NBA,47,35,0.573,2nd of 6,0.89,106.7,4.6,107.1,-0.1,105.9,-1.3,Lost W. Conf. Semis
291,DET,2021-22,NBA,23,59,0.28,5th of 5,-7.36,98.4,0.2,106.0,-6.0,113.8,1.8,not_play
292,DET,2020-21,NBA,20,52,0.278,5th of 5,-4.38,97.9,-1.3,108.0,-4.3,112.5,0.2,not_play
293,DET,2019-20,NBA,20,46,0.303,4th of 5,-4.38,97.6,-2.7,109.0,-1.6,112.7,2.1,not_play
294,DET,2018-19,NBA,41,41,0.5,3rd of 5,-0.56,97.4,-2.6,109.0,-1.4,109.2,-1.2,Lost E. Conf. 1st Rnd.
295,DET,2017-18,NBA,39,43,0.476,4th of 5,-0.26,96.2,-1.1,107.2,-1.4,107.3,-1.3,not_play
296,DET,2016-17,NBA,37,45,0.451,5th of 5,-1.29,95.0,-1.4,106.0,-2.8,107.1,-1.7,not_play
297,DET,2015-16,NBA,44,38,0.537,3rd of 5,0.43,95.1,-0.7,106.1,-0.3,105.5,-0.9,Lost E. Conf. 1st Rnd.
298,DET,2014-15,NBA,32,50,0.39,5th of 5,-1.39,92.8,-1.1,105.3,-0.3,106.4,0.8,not_play
299,DET,2013-14,NBA,29,53,0.354,4th of 5,-4.13,94.9,1.0,105.9,-0.8,109.7,3.0,not_play
300,DET,2012-13,NBA,29,53,0.354,4th of 5,-4.33,90.8,-1.2,103.8,-2.1,108.1,2.2,not_play
301,DET,2011-12,NBA,25,41,0.379,4th of 5,-5.19,89.2,-2.1,101.0,-3.6,106.3,1.7,not_play
302,DET,2010-11,NBA,30,52,0.366,4th of 5,-3.78,89.2,-2.9,107.7,0.4,111.7,4.4,not_play
303,DET,2009-10,NBA,27,55,0.329,5th of 5,-5.02,88.5,-4.2,105.6,-2.0,111.4,3.8,not_play
304,DET,2008-09,NBA,39,43,0.476,3rd of 5,-0.36,86.7,-5.0,107.4,-0.9,108.0,-0.3,Lost E. Conf. 1st Rnd.
305,DET,2007-08,NBA,59,23,0.72,1st of 5,6.67,87.3,-5.1,111.4,3.9,102.9,-4.6,Lost E. Conf. Finals
306,DET,2006-07,NBA,53,29,0.646,1st of 5,3.69,87.3,-4.6,108.9,2.4,104.2,-2.3,Lost E. Conf. Finals
307,DET,2005-06,NBA,64,18,0.78,1st of 5,6.24,86.8,-3.7,110.8,4.6,103.1,-3.1,Lost E. Conf. Finals
308,DET,2004-05,NBA,54,28,0.659,1st of 5,3.31,87.2,-3.7,105.6,-0.5,101.2,-4.9,Lost Finals
309,DET,2003-04,NBA,54,28,0.659,2nd of 8,5.04,87.9,-2.2,102.0,-0.9,95.4,-7.5,Won Finals
310,DET,2002-03,NBA,50,32,0.61,1st of 8,2.97,86.8,-4.2,104.1,0.5,99.9,-3.7,Lost E. Conf. Finals
311,DET,2001-02,NBA,50,32,0.61,1st of 8,1.69,90.0,-0.7,104.8,0.3,102.4,-2.1,Lost E. Conf. Semis
312,DET,2000-01,NBA,32,50,0.39,5th of 8,-2.08,94.7,3.4,100.0,-3.0,101.8,-1.2,not_play
313,DET,1999-00,NBA,42,40,0.512,4th of 8,1.13,95.7,2.6,107.3,3.2,105.8,1.7,Lost E. Conf. 1st Rnd.
314,DET,1998-99,NBA,29,21,0.58,3rd of 8,3.97,86.3,-2.6,104.2,2.0,100.3,-1.9,Lost E. Conf. 1st Rnd.
315,DET,1997-98,NBA,37,45,0.451,6th of 8,1.95,88.2,-2.1,105.3,0.3,103.5,-1.5,not_play
316,DET,1996-97,NBA,54,28,0.659,3rd of 8,5.45,84.5,-5.6,110.6,3.9,104.4,-2.3,Lost E. Conf. 1st Rnd.
317,DET,1995-96,NBA,46,36,0.561,5th of 8,2.45,87.7,-4.1,107.9,0.3,105.1,-2.5,Lost E. Conf. 1st Rnd.
318,DET,1994-95,NBA,28,54,0.341,7th of 7,-7.08,93.2,0.3,105.1,-3.2,112.9,4.6,not_play
319,DET,1993-94,NBA,20,62,0.244,7th of 7,-7.46,94.2,-0.9,102.7,-3.6,110.9,4.6,not_play
320,DET,1992-93,NBA,40,42,0.488,6th of 7,-1.1,93.2,-3.6,107.4,-0.6,108.9,0.9,not_play
321,DET,1991-92,NBA,48,34,0.585,3rd of 7,2.06,91.6,-5.0,107.5,-0.7,105.3,-2.9,Lost E. Conf. 1st Rnd.
322,DET,1990-91,NBA,50,32,0.61,2nd of 7,3.08,91.9,-5.9,108.2,0.3,104.6,-3.3,Lost E. Conf. Finals
323,DET,1989-90,NBA,59,23,0.72,1st of 7,5.41,94.4,-3.9,109.9,1.8,103.5,-4.6,Won Finals
324,DET,1988-89,NBA,63,19,0.768,1st of 6,6.24,95.5,-5.1,110.8,3.0,104.7,-3.1,Won Finals
325,DET,1987-88,NBA,54,28,0.659,1st of 6,5.46,98.3,-1.3,110.5,2.5,105.3,-2.7,Lost Finals
326,DET,1986-87,NBA,52,30,0.634,2nd of 6,3.51,101.0,0.2,109.2,0.9,105.8,-2.5,Lost E. Conf. Finals
327,DET,1985-86,NBA,46,36,0.561,3rd of 6,1.44,104.2,2.1,109.0,1.8,107.9,0.7,Lost E. Conf. 1st Rnd.
328,GSW,2021-22,NBA,53,29,0.646,2nd of 5,5.52,98.4,0.2,112.5,0.5,106.9,-5.1,Won W. Conf. Finals
329,GSW,2020-21,NBA,39,33,0.542,4th of 5,1.1,102.2,3.0,111.1,-1.2,110.1,-2.2,not_play
330,GSW,2019-20,NBA,15,50,0.231,5th of 5,-8.12,100.3,0.0,105.2,-5.4,113.8,3.2,not_play
331,GSW,2018-19,NBA,57,25,0.695,1st of 5,6.42,100.9,0.9,115.9,5.5,109.5,-0.9,Lost Finals
332,GSW,2017-18,NBA,58,24,0.707,1st of 5,5.79,99.6,2.3,113.6,5.0,107.6,-1.0,Won Finals
333,GSW,2016-17,NBA,67,15,0.817,1st of 5,11.35,99.8,3.4,115.6,6.8,104.0,-4.8,Won Finals
334,GSW,2015-16,NBA,73,9,0.89,1st of 5,10.38,99.3,3.5,114.5,8.1,103.8,-2.6,Lost Finals
335,GSW,2014-15,NBA,67,15,0.817,1st of 5,10.01,98.3,4.4,111.6,6.0,101.4,-4.2,Won Finals
336,GSW,2013-14,NBA,51,31,0.622,2nd of 5,5.15,96.2,2.3,107.5,0.8,102.6,-4.1,Lost W. Conf. 1st Rnd.
337,GSW,2012-13,NBA,47,35,0.573,2nd of 5,1.32,94.5,2.5,106.4,0.5,105.5,-0.4,Lost W. Conf. Semis
338,GSW,2011-12,NBA,23,43,0.348,4th of 5,-2.79,92.3,1.0,105.4,0.8,109.1,4.5,not_play
339,GSW,2010-11,NBA,36,46,0.439,3rd of 5,-2.0,94.8,2.7,108.2,0.9,110.7,3.4,not_play
340,GSW,2009-10,NBA,26,56,0.317,4th of 5,-3.28,100.4,7.7,108.1,0.5,111.7,4.1,not_play
341,GSW,2008-09,NBA,29,53,0.354,3rd of 5,-3.8,98.2,6.5,109.5,1.2,113.3,5.0,not_play
342,GSW,2007-08,NBA,48,34,0.585,3rd of 5,2.38,98.8,6.4,111.8,4.3,109.5,2.0,not_play
343,GSW,2006-07,NBA,42,40,0.512,3rd of 5,0.0,99.2,7.3,107.0,0.5,107.4,0.9,Lost W. Conf. Semis
344,GSW,2005-06,NBA,34,48,0.415,5th of 5,-1.11,93.3,2.8,104.8,-1.4,106.2,0.0,not_play
345,GSW,2004-05,NBA,34,48,0.415,5th of 5,-1.74,93.3,2.4,104.7,-1.4,106.9,0.8,not_play
346,GSW,2003-04,NBA,37,45,0.451,4th of 7,-0.07,89.8,-0.3,103.0,0.1,103.8,0.9,not_play
347,GSW,2002-03,NBA,38,44,0.463,6th of 7,-0.6,94.2,3.2,108.3,4.7,109.5,5.9,not_play
348,GSW,2001-02,NBA,21,61,0.256,7th of 7,-4.8,94.5,3.8,102.8,-1.7,108.5,4.0,not_play
349,GSW,2000-01,NBA,17,65,0.207,7th of 7,-8.11,94.1,2.8,97.8,-5.2,107.4,4.4,not_play
350,GSW,1999-00,NBA,19,63,0.232,6th of 7,-7.63,95.4,2.3,99.8,-4.3,108.4,4.3,not_play
351,GSW,1998-99,NBA,21,29,0.42,6th of 7,-2.63,88.9,0.0,98.4,-3.8,101.1,-1.1,not_play
352,GSW,1997-98,NBA,19,63,0.232,6th of 7,-9.2,91.4,1.1,95.8,-9.2,105.7,0.7,not_play
353,GSW,1996-97,NBA,30,52,0.366,7th of 7,-4.9,91.9,1.8,107.2,0.5,112.2,5.5,not_play
354,GSW,1995-96,NBA,36,46,0.439,6th of 7,-1.42,93.4,1.6,108.4,0.8,109.9,2.3,not_play
355,GSW,1994-95,NBA,26,56,0.317,6th of 7,-4.9,97.9,5.0,106.7,-1.6,112.2,3.9,not_play
356,GSW,1993-94,NBA,50,32,0.61,3rd of 7,1.76,99.1,4.0,108.3,2.0,106.5,0.2,Lost W. Conf. 1st Rnd.
357,GSW,1992-93,NBA,34,48,0.415,6th of 7,-0.94,99.5,2.7,109.2,1.2,110.2,2.2,not_play
358,GSW,1991-92,NBA,55,27,0.671,2nd of 7,3.77,103.4,6.8,113.6,5.4,109.9,1.7,Lost W. Conf. 1st Rnd.
359,GSW,1990-91,NBA,44,38,0.537,4th of 7,1.72,103.6,5.8,111.9,4.0,110.3,2.4,Lost W. Conf. Semis
360,GSW,1989-90,NBA,37,45,0.451,5th of 7,-2.55,105.9,7.6,109.6,1.5,112.6,4.5,not_play
361,GSW,1988-89,NBA,43,39,0.524,4th of 7,-0.59,107.3,6.7,107.4,-0.4,107.7,-0.1,Lost W. Conf. Semis
362,GSW,1987-88,NBA,20,62,0.244,5th of 6,-8.38,101.6,2.0,104.7,-3.3,112.9,4.9,not_play
363,GSW,1986-87,NBA,42,40,0.512,3rd of 6,-2.54,101.7,0.9,108.9,0.6,111.2,2.9,Lost W. Conf. Semis
364,GSW,1985-86,NBA,30,52,0.366,6th of 6,-3.59,104.2,2.1,108.3,1.1,111.6,4.4,not_play
365,HOU,2021-22,NBA,20,62,0.244,5th of 5,-8.26,100.9,2.7,108.4,-3.6,116.7,4.7,not_play
366,HOU,2020-21,NBA,17,55,0.236,5th of 5,-7.5,101.4,2.2,107.1,-5.2,114.9,2.6,not_play
367,HOU,2019-20,NBA,44,28,0.611,1st of 5,3.13,103.7,3.4,112.9,2.3,110.1,-0.5,Lost W. Conf. Semis
368,HOU,2018-19,NBA,53,29,0.646,1st of 5,4.96,97.9,-2.1,115.5,5.1,110.7,0.3,Lost W. Conf. Semis
369,HOU,2017-18,NBA,65,17,0.793,1st of 5,8.21,97.6,0.3,114.7,6.1,106.1,-2.5,Lost W. Conf. Finals
370,HOU,2016-17,NBA,55,27,0.671,2nd of 5,5.84,100.0,3.6,114.7,5.9,109.0,0.2,Lost W. Conf. Semis
371,HOU,2015-16,NBA,41,41,0.5,4th of 5,0.34,97.6,1.8,108.3,1.9,108.1,1.7,Lost W. Conf. 1st Rnd.
372,HOU,2014-15,NBA,56,26,0.683,1st of 5,3.82,96.5,2.6,107.0,1.4,103.4,-2.2,Lost W. Conf. Finals
373,HOU,2013-14,NBA,54,28,0.659,2nd of 5,5.06,96.3,2.4,111.0,4.3,106.3,-0.4,Lost W. Conf. 1st Rnd.
374,HOU,2012-13,NBA,45,37,0.549,3rd of 5,3.69,96.1,4.1,109.7,3.8,106.1,0.2,Lost W. Conf. 1st Rnd.
375,HOU,2011-12,NBA,34,32,0.515,4th of 5,0.57,91.7,0.4,105.5,0.9,105.2,0.6,not_play
376,HOU,2010-11,NBA,43,39,0.524,5th of 5,2.37,94.2,2.1,111.3,4.0,109.0,1.7,not_play
377,HOU,2009-10,NBA,42,40,0.512,3rd of 5,-0.02,94.0,1.3,107.6,0.0,108.0,0.4,not_play
378,HOU,2008-09,NBA,53,29,0.646,2nd of 5,3.73,90.2,-1.5,108.4,0.1,104.0,-4.3,Lost W. Conf. Semis
379,HOU,2007-08,NBA,55,27,0.671,3rd of 5,4.83,90.4,-2.0,106.8,-0.7,101.6,-5.9,Lost W. Conf. 1st Rnd.
380,HOU,2006-07,NBA,52,30,0.634,3rd of 5,5.04,90.7,-1.2,106.0,-0.5,100.7,-5.8,Lost W. Conf. 1st Rnd.
381,HOU,2005-06,NBA,34,48,0.415,5th of 5,-1.3,88.0,-2.5,101.6,-4.6,103.3,-2.9,not_play
382,HOU,2004-05,NBA,51,31,0.622,3rd of 5,4.27,88.8,-2.1,106.2,0.1,101.7,-4.4,Lost W. Conf. 1st Rnd.
383,HOU,2003-04,NBA,45,37,0.549,5th of 7,2.28,87.8,-2.3,100.9,-2.0,99.0,-3.9,Lost W. Conf. 1st Rnd.
384,HOU,2002-03,NBA,43,39,0.524,5th of 7,1.89,88.8,-2.2,104.3,0.7,102.6,-1.0,not_play
385,HOU,2001-02,NBA,28,54,0.341,5th of 7,-4.31,88.2,-2.5,103.1,-1.4,108.6,4.1,not_play
386,HOU,2000-01,NBA,45,37,0.549,5th of 7,2.71,90.4,-0.9,106.7,3.7,104.2,1.2,not_play
387,HOU,1999-00,NBA,34,48,0.415,6th of 7,-0.57,94.2,1.1,104.8,0.7,105.7,1.6,not_play
388,HOU,1998-99,NBA,31,19,0.62,3rd of 7,1.39,88.8,-0.1,105.4,3.2,102.9,0.7,Lost W. Conf. 1st Rnd.
389,HOU,1997-98,NBA,41,41,0.5,4th of 7,-1.23,91.0,0.7,107.7,2.7,108.6,3.6,Lost W. Conf. 1st Rnd.
390,HOU,1996-97,NBA,57,25,0.695,2nd of 7,3.85,91.6,1.5,108.8,2.1,104.0,-2.7,Lost W. Conf. Finals
391,HOU,1995-96,NBA,48,34,0.585,3rd of 7,1.63,93.2,1.4,109.3,1.7,107.4,-0.2,Lost W. Conf. Semis
392,HOU,1994-95,NBA,47,35,0.573,3rd of 6,2.32,94.2,1.3,109.7,1.4,107.4,-0.9,Won Finals
393,HOU,1993-94,NBA,58,24,0.707,1st of 6,4.19,95.0,-0.1,105.9,-0.4,101.4,-4.9,Won Finals
394,HOU,1992-93,NBA,55,27,0.671,1st of 6,3.57,94.4,-2.4,109.6,1.6,105.2,-2.8,Lost W. Conf. Semis
395,HOU,1991-92,NBA,42,40,0.512,3rd of 6,-1.94,95.1,-1.5,106.2,-2.0,108.0,-0.2,not_play
396,HOU,1990-91,NBA,52,30,0.634,3rd of 7,3.27,98.5,0.7,107.4,-0.5,103.9,-4.0,Lost W. Conf. 1st Rnd.
397,HOU,1989-90,NBA,41,41,0.5,5th of 7,1.71,101.2,2.9,104.8,-3.3,103.4,-4.7,Lost W. Conf. 1st Rnd.
398,HOU,1988-89,NBA,45,37,0.549,2nd of 6,0.22,101.8,1.2,105.7,-2.1,104.8,-3.0,Lost W. Conf. 1st Rnd.
399,HOU,1987-88,NBA,46,36,0.561,4th of 6,0.82,101.8,2.2,107.1,-0.9,105.7,-2.3,Lost W. Conf. 1st Rnd.
400,HOU,1986-87,NBA,42,40,0.512,3rd of 6,0.6,99.9,-0.9,106.5,-1.8,105.5,-2.8,Lost W. Conf. Semis
401,HOU,1985-86,NBA,51,31,0.622,1st of 6,2.1,103.5,1.4,110.1,2.9,107.6,0.4,Lost Finals
402,IND,2021-22,NBA,25,57,0.305,4th of 5,-3.26,98.0,-0.2,112.6,0.6,116.1,4.1,not_play
403,IND,2020-21,NBA,34,38,0.472,2nd of 5,-0.13,101.6,2.4,112.4,0.1,112.4,0.1,not_play
404,IND,2019-20,NBA,45,28,0.616,2nd of 5,1.63,98.9,-1.4,110.0,-0.6,108.0,-2.6,Lost E. Conf. 1st Rnd.
405,IND,2018-19,NBA,48,34,0.585,2nd of 5,2.76,98.1,-1.9,109.9,-0.5,106.5,-3.9,Lost E. Conf. 1st Rnd.
406,IND,2017-18,NBA,48,34,0.585,2nd of 5,1.18,96.0,-1.3,109.5,0.9,108.1,-0.5,Lost E. Conf. 1st Rnd.
407,IND,2016-17,NBA,42,40,0.512,3rd of 5,-0.64,95.9,-0.5,108.6,-0.2,108.8,0.0,Lost E. Conf. 1st Rnd.
408,IND,2015-16,NBA,45,37,0.549,2nd of 5,1.62,96.6,0.8,104.6,-1.8,102.9,-3.5,Lost E. Conf. 1st Rnd.
409,IND,2014-15,NBA,38,44,0.463,4th of 5,-0.23,93.2,-0.7,103.5,-2.1,103.2,-2.4,not_play
410,IND,2013-14,NBA,56,26,0.683,1st of 5,3.63,92.5,-1.4,104.1,-2.6,99.3,-7.4,Lost E. Conf. Finals
411,IND,2012-13,NBA,49,32,0.605,1st of 5,3.34,90.2,-1.8,104.3,-1.6,99.8,-6.1,Lost E. Conf. Finals
412,IND,2011-12,NBA,42,24,0.636,2nd of 5,2.6,90.7,-0.6,106.7,2.1,103.1,-1.5,Lost E. Conf. Semis
413,IND,2010-11,NBA,37,45,0.451,2nd of 5,-1.38,94.7,2.6,104.8,-2.5,106.0,-1.3,Lost E. Conf. 1st Rnd.
414,IND,2009-10,NBA,32,50,0.39,4th of 5,-3.11,97.1,4.4,103.7,-3.9,106.8,-0.8,not_play
415,IND,2008-09,NBA,36,46,0.439,4th of 5,-0.76,96.5,4.8,108.1,-0.2,109.2,0.9,not_play
416,IND,2007-08,NBA,36,46,0.439,3rd of 5,-1.87,97.7,5.3,106.0,-1.5,107.5,0.0,not_play
417,IND,2006-07,NBA,35,47,0.427,4th of 5,-2.62,92.4,0.5,102.9,-3.6,105.5,-1.0,not_play
418,IND,2005-06,NBA,41,41,0.5,3rd of 5,1.62,89.7,-0.8,104.5,-1.7,102.4,-3.8,Lost E. Conf. 1st Rnd.
419,IND,2004-05,NBA,44,38,0.537,3rd of 5,0.49,87.2,-3.7,105.5,-0.6,104.6,-1.5,Lost E. Conf. Semis
420,IND,2003-04,NBA,61,21,0.744,1st of 8,4.93,87.5,-2.6,103.8,0.9,97.2,-5.7,Lost E. Conf. Finals
421,IND,2002-03,NBA,48,34,0.585,2nd of 8,2.79,91.6,0.6,104.6,1.0,100.8,-2.8,Lost E. Conf. 1st Rnd.
422,IND,2001-02,NBA,42,40,0.512,4th of 8,-0.07,91.9,1.2,104.1,-0.4,103.8,-0.7,Lost E. Conf. 1st Rnd.
423,IND,2000-01,NBA,41,41,0.5,4th of 8,-0.77,89.4,-1.9,102.0,-1.0,102.2,-0.8,Lost E. Conf. 1st Rnd.
424,IND,1999-00,NBA,56,26,0.683,1st of 8,4.15,93.1,0.0,108.5,4.4,103.6,-0.5,Lost Finals
425,IND,1998-99,NBA,33,17,0.66,1st of 8,3.86,86.4,-2.5,108.7,6.5,104.4,2.2,Lost E. Conf. Finals
426,IND,1997-98,NBA,58,24,0.707,2nd of 8,6.25,87.9,-2.4,108.4,3.4,101.6,-3.4,Lost E. Conf. Finals
427,IND,1996-97,NBA,39,43,0.476,6th of 8,1.49,89.0,-1.1,105.8,-0.9,104.7,-2.0,not_play
428,IND,1995-96,NBA,52,30,0.634,2nd of 8,3.11,89.3,-2.5,110.8,3.2,107.2,-0.4,Lost E. Conf. 1st Rnd.
429,IND,1994-95,NBA,52,30,0.634,1st of 7,3.35,90.0,-2.9,109.6,1.3,105.6,-2.7,Lost E. Conf. Finals
430,IND,1993-94,NBA,47,35,0.573,3rd of 7,3.26,93.3,-1.8,107.8,1.5,104.2,-2.1,Lost E. Conf. Finals
431,IND,1992-93,NBA,41,41,0.5,5th of 7,1.77,96.0,-0.8,111.9,3.9,110.1,2.1,Lost E. Conf. 1st Rnd.
432,IND,1991-92,NBA,40,42,0.488,4th of 7,1.85,99.0,2.4,111.7,3.5,109.9,1.7,Lost E. Conf. 1st Rnd.
433,IND,1990-91,NBA,41,41,0.5,5th of 7,-0.37,99.4,1.6,111.7,3.8,112.1,4.2,Lost E. Conf. 1st Rnd.
434,IND,1989-90,NBA,42,40,0.512,5th of 7,-0.18,97.0,-1.3,111.5,3.4,111.4,3.3,Lost E. Conf. 1st Rnd.
435,IND,1988-89,NBA,28,54,0.341,6th of 6,-3.0,99.2,-1.4,106.8,-1.0,111.0,3.2,not_play
436,IND,1987-88,NBA,38,44,0.463,6th of 6,-0.18,98.0,-1.6,106.6,-1.4,107.4,-0.6,not_play
437,IND,1986-87,NBA,41,41,0.5,4th of 6,-0.17,98.8,-2.0,106.0,-2.3,106.6,-1.7,Lost E. Conf. 1st Rnd.
438,IND,1985-86,NBA,26,56,0.317,6th of 6,-2.66,100.9,-1.2,102.6,-4.6,105.9,-1.3,not_play
439,LAC,2021-22,NBA,42,40,0.512,3rd of 5,0.09,98.0,-0.2,110.1,-1.9,110.1,-1.9,not_play
440,LAC,2020-21,NBA,47,25,0.653,2nd of 5,6.02,96.9,-2.3,117.6,5.3,111.2,-1.1,Lost W. Conf. Finals
441,LAC,2019-20,NBA,49,23,0.681,2nd of 5,6.66,101.5,1.2,113.9,3.3,107.6,-3.0,Lost W. Conf. Semis
442,LAC,2018-19,NBA,48,34,0.585,2nd of 5,1.09,101.7,1.7,112.4,2.0,111.5,1.1,Lost W. Conf. 1st Rnd.
443,LAC,2017-18,NBA,42,40,0.512,2nd of 5,0.15,98.7,1.4,110.3,1.7,110.2,1.6,not_play
444,LAC,2016-17,NBA,51,31,0.622,2nd of 5,4.42,96.1,-0.3,112.7,3.9,108.2,-0.6,Lost W. Conf. 1st Rnd.
445,LAC,2015-16,NBA,53,29,0.646,2nd of 5,4.13,95.8,0.0,108.3,1.9,103.8,-2.6,Lost W. Conf. 1st Rnd.
446,LAC,2014-15,NBA,56,26,0.683,2nd of 5,6.8,94.7,0.8,112.4,6.8,105.5,-0.1,Lost W. Conf. Semis
447,LAC,2013-14,NBA,57,25,0.695,1st of 5,7.27,95.9,2.0,112.1,5.4,104.8,-1.9,Lost W. Conf. Semis
448,LAC,2012-13,NBA,56,26,0.683,1st of 5,6.43,91.1,-0.9,110.6,4.7,103.6,-2.3,Lost W. Conf. 1st Rnd.
449,LAC,2011-12,NBA,40,26,0.606,2nd of 5,2.82,89.2,-2.1,108.5,3.9,105.7,1.1,Lost W. Conf. Semis
450,LAC,2010-11,NBA,32,50,0.39,4th of 5,-2.71,92.8,0.7,105.3,-2.0,108.7,1.4,not_play
451,LAC,2009-10,NBA,29,53,0.354,3rd of 5,-6.01,92.6,-0.1,103.3,-4.3,110.1,2.5,not_play
452,LAC,2008-09,NBA,19,63,0.232,4th of 5,-8.47,92.1,0.4,102.3,-6.0,111.7,3.4,not_play
453,LAC,2007-08,NBA,23,59,0.28,5th of 5,-6.56,92.1,-0.3,101.2,-6.3,109.1,1.6,not_play
454,LAC,2006-07,NBA,40,42,0.488,4th of 5,-0.07,90.8,-1.1,105.1,-1.4,105.6,-0.9,not_play
455,LAC,2005-06,NBA,47,35,0.573,2nd of 5,1.75,91.7,1.2,105.3,-0.9,103.6,-2.6,Lost W. Conf. Semis
456,LAC,2004-05,NBA,37,45,0.451,3rd of 5,-0.47,89.1,-1.8,105.5,-0.6,106.4,0.3,not_play
457,LAC,2003-04,NBA,28,54,0.341,7th of 7,-3.74,91.0,0.9,103.5,0.6,108.5,5.6,not_play
458,LAC,2002-03,NBA,27,55,0.329,7th of 7,-3.45,91.3,0.3,102.3,-1.3,106.8,3.2,not_play
459,LAC,2001-02,NBA,39,43,0.476,5th of 7,-0.09,90.1,-0.6,105.5,1.0,106.0,1.5,not_play
460,LAC,2000-01,NBA,31,51,0.378,6th of 7,-2.23,89.6,-1.7,101.3,-1.7,104.5,1.5,not_play
461,LAC,1999-00,NBA,15,67,0.183,7th of 7,-10.73,93.9,0.8,97.8,-6.3,110.1,6.0,not_play
462,LAC,1998-99,NBA,9,41,0.18,7th of 7,-8.94,89.5,0.6,100.0,-2.2,109.7,7.5,not_play
463,LAC,1997-98,NBA,17,65,0.207,7th of 7,-7.53,92.4,2.1,103.3,-1.7,111.2,6.2,not_play
464,LAC,1996-97,NBA,36,46,0.439,5th of 7,-2.66,91.3,1.2,105.1,-1.6,107.6,0.9,Lost W. Conf. 1st Rnd.
465,LAC,1995-96,NBA,29,53,0.354,7th of 7,-3.46,93.2,1.4,106.5,-1.1,110.3,2.7,not_play
466,LAC,1994-95,NBA,17,65,0.207,7th of 7,-8.43,94.3,1.4,101.5,-6.8,111.1,2.8,not_play
467,LAC,1993-94,NBA,27,55,0.329,7th of 7,-5.28,99.6,4.5,102.9,-3.4,108.6,2.3,not_play
468,LAC,1992-93,NBA,41,41,0.5,4th of 7,0.33,99.1,2.3,107.4,-0.6,107.1,-0.9,Lost W. Conf. 1st Rnd.
469,LAC,1991-92,NBA,45,37,0.549,5th of 7,1.1,96.5,-0.1,105.8,-2.4,104.7,-3.5,Lost W. Conf. 1st Rnd.
470,LAC,1990-91,NBA,31,51,0.378,6th of 7,-3.16,99.9,2.1,103.0,-4.9,106.5,-1.4,not_play
471,LAC,1989-90,NBA,30,52,0.366,6th of 7,-2.8,99.2,0.9,104.0,-4.1,107.4,-0.7,not_play
472,LAC,1988-89,NBA,21,61,0.256,7th of 7,-9.5,104.4,3.8,100.8,-7.0,110.2,2.4,not_play
473,LAC,1987-88,NBA,17,65,0.207,6th of 6,-10.24,100.8,1.2,97.4,-10.6,107.6,-0.4,not_play
474,LAC,1986-87,NBA,12,70,0.146,6th of 6,-11.0,102.7,1.9,101.2,-7.1,112.3,4.0,not_play
475,LAC,1985-86,NBA,32,50,0.39,4th of 6,-6.83,102.7,0.6,105.4,-1.8,112.1,4.9,not_play
476,LAL,2021-22,NBA,33,49,0.402,4th of 5,-3.08,100.1,1.9,110.3,-1.7,113.3,1.3,not_play
477,LAL,2020-21,NBA,42,30,0.583,3rd of 5,2.77,98.7,-0.5,109.9,-2.4,107.1,-5.2,Lost W. Conf. 1st Rnd.
478,LAL,2019-20,NBA,52,19,0.732,1st of 5,6.28,100.9,0.6,112.0,1.4,106.3,-4.3,Won Finals
479,LAL,2018-19,NBA,37,45,0.451,4th of 5,-1.33,103.2,3.2,107.8,-2.6,109.5,-0.9,not_play
480,LAL,2017-18,NBA,35,47,0.427,3rd of 5,-1.44,100.3,3.0,106.5,-2.1,108.0,-0.6,not_play
481,LAL,2016-17,NBA,26,56,0.317,4th of 5,-6.29,98.5,2.1,106.0,-2.8,113.0,4.2,not_play
482,LAL,2015-16,NBA,17,65,0.207,5th of 5,-8.92,95.6,-0.2,101.6,-4.8,111.6,5.2,not_play
483,LAL,2014-15,NBA,21,61,0.256,5th of 5,-6.17,94.0,0.1,103.4,-2.2,110.6,5.0,not_play
484,LAL,2013-14,NBA,27,55,0.329,5th of 5,-5.33,98.7,4.8,104.2,-2.5,110.6,3.9,not_play
485,LAL,2012-13,NBA,45,37,0.549,3rd of 5,1.48,94.4,2.4,107.8,1.9,106.6,0.7,Lost W. Conf. 1st Rnd.
486,LAL,2011-12,NBA,41,25,0.621,1st of 5,1.96,90.5,-0.8,106.0,1.4,104.4,-0.2,Lost W. Conf. Semis
487,LAL,2010-11,NBA,57,25,0.695,1st of 5,6.01,90.7,-1.4,111.0,3.7,104.3,-3.0,Lost W. Conf. Semis
488,LAL,2009-10,NBA,57,25,0.695,1st of 5,4.78,92.8,0.1,108.8,1.2,103.7,-3.9,Won Finals
489,LAL,2008-09,NBA,65,17,0.793,1st of 5,7.11,94.3,2.6,112.8,4.5,104.7,-3.6,Won Finals
490,LAL,2007-08,NBA,57,25,0.695,1st of 5,7.34,95.6,3.2,113.0,5.5,105.5,-2.0,Lost Finals
491,LAL,2006-07,NBA,42,40,0.512,2nd of 5,0.24,93.5,1.6,108.6,2.1,108.6,2.1,Lost W. Conf. 1st Rnd.
492,LAL,2005-06,NBA,45,37,0.549,3rd of 5,2.53,90.9,0.4,108.4,2.2,105.7,-0.5,Lost W. Conf. 1st Rnd.
493,LAL,2004-05,NBA,34,48,0.415,4th of 5,-2.32,90.8,-0.1,108.1,2.0,111.4,5.3,not_play
494,LAL,2003-04,NBA,56,26,0.683,1st of 7,4.35,92.3,2.2,105.5,2.6,101.3,-1.6,Lost Finals
495,LAL,2002-03,NBA,50,32,0.61,2nd of 7,2.71,92.5,1.5,107.2,3.6,104.7,1.1,Lost W. Conf. Semis
496,LAL,2001-02,NBA,58,24,0.707,2nd of 7,7.15,92.1,1.4,109.4,4.9,101.7,-2.8,Won Finals
497,LAL,2000-01,NBA,56,26,0.683,1st of 7,3.74,91.7,0.4,108.4,5.4,104.8,1.8,Won Finals
498,LAL,1999-00,NBA,67,15,0.817,1st of 7,8.41,93.3,0.2,107.3,3.2,98.2,-5.9,Won Finals
499,LAL,1998-99,NBA,31,19,0.62,2nd of 7,2.68,91.6,2.7,107.6,5.4,104.3,2.1,Lost W. Conf. Semis
500,LAL,1997-98,NBA,61,21,0.744,2nd of 7,6.88,93.6,3.3,111.9,6.9,103.7,-1.3,Lost W. Conf. Finals
501,LAL,1996-97,NBA,56,26,0.683,2nd of 7,3.66,91.1,1.0,108.3,1.6,103.7,-3.0,Lost W. Conf. Semis
502,LAL,1995-96,NBA,53,29,0.646,2nd of 7,4.21,92.4,0.6,111.4,3.8,106.6,-1.0,Lost W. Conf. 1st Rnd.
503,LAL,1994-95,NBA,48,34,0.585,3rd of 7,-0.01,95.2,2.3,109.1,0.8,109.4,1.1,Lost W. Conf. Semis
504,LAL,1993-94,NBA,33,49,0.402,5th of 7,-3.93,95.5,0.4,104.8,-1.5,109.3,3.0,not_play
505,LAL,1992-93,NBA,39,43,0.476,5th of 7,-1.2,96.2,-0.6,107.6,-0.4,108.9,0.9,Lost W. Conf. 1st Rnd.
506,LAL,1991-92,NBA,43,39,0.524,6th of 7,-0.95,92.5,-4.1,107.7,-0.5,108.9,0.7,Lost W. Conf. 1st Rnd.
507,LAL,1990-91,NBA,58,24,0.707,2nd of 7,6.73,94.1,-3.7,112.1,4.2,105.0,-2.9,Lost Finals
508,LAL,1989-90,NBA,63,19,0.768,1st of 7,6.74,96.3,-2.0,114.0,5.9,107.0,-1.1,Lost W. Conf. Semis
509,LAL,1988-89,NBA,57,25,0.695,1st of 7,6.38,100.1,-0.5,113.8,6.0,106.7,-1.1,Lost Finals
510,LAL,1987-88,NBA,62,20,0.756,1st of 6,4.81,99.1,-0.5,113.1,5.1,107.3,-0.7,Won Finals
511,LAL,1986-87,NBA,65,17,0.793,1st of 6,8.32,101.6,0.8,115.6,7.3,106.5,-1.8,Won Finals
512,LAL,1985-86,NBA,62,20,0.756,1st of 6,6.84,102.7,0.6,113.3,6.1,105.8,-1.4,Lost W. Conf. Finals
513,MEM,2021-22,NBA,56,26,0.683,1st of 5,5.37,100.3,2.1,114.6,2.6,109.0,-3.0,Lost W. Conf. Semis
514,MEM,2020-21,NBA,38,34,0.528,2nd of 5,1.07,100.4,1.2,112.0,-0.3,111.0,-1.3,Lost W. Conf. 1st Rnd.
515,MEM,2019-20,NBA,34,39,0.466,3rd of 5,-0.91,102.8,2.5,109.2,-1.4,110.3,-0.3,not_play
516,MEM,2018-19,NBA,33,49,0.402,3rd of 5,-2.08,96.6,-3.4,106.1,-4.3,108.8,-1.6,not_play
517,MEM,2017-18,NBA,22,60,0.268,5th of 5,-5.81,94.9,-2.4,104.5,-4.1,111.0,2.4,not_play
518,MEM,2016-17,NBA,43,39,0.524,3rd of 5,0.96,92.3,-4.1,107.7,-1.1,107.1,-1.7,Lost W. Conf. 1st Rnd.
519,MEM,2015-16,NBA,42,40,0.512,3rd of 5,-2.14,93.3,-2.5,105.4,-1.0,107.8,1.4,Lost W. Conf. 1st Rnd.
520,MEM,2014-15,NBA,55,27,0.671,2nd of 5,3.62,92.0,-1.9,105.7,0.1,102.2,-3.4,Lost W. Conf. Semis
521,MEM,2013-14,NBA,50,32,0.61,3rd of 5,2.18,89.9,-4.0,106.3,-0.4,104.6,-2.1,Lost W. Conf. 1st Rnd.
522,MEM,2012-13,NBA,56,26,0.683,2nd of 5,4.32,88.4,-3.6,104.9,-1.0,100.3,-5.6,Lost W. Conf. Finals
523,MEM,2011-12,NBA,41,25,0.621,2nd of 5,2.43,90.8,-0.5,104.0,-0.6,101.8,-2.8,Lost W. Conf. 1st Rnd.
524,MEM,2010-11,NBA,46,36,0.561,4th of 5,2.55,91.9,-0.2,107.6,0.3,105.1,-2.2,Lost W. Conf. Semis
525,MEM,2009-10,NBA,40,42,0.488,4th of 5,-1.39,93.6,0.9,108.3,0.7,109.9,2.3,not_play
526,MEM,2008-09,NBA,24,58,0.293,5th of 5,-5.23,90.1,-1.6,103.5,-4.8,109.5,1.2,not_play
527,MEM,2007-08,NBA,22,60,0.268,5th of 5,-5.76,95.3,2.9,105.0,-2.5,111.4,3.9,not_play
528,MEM,2006-07,NBA,22,60,0.268,5th of 5,-4.44,93.6,1.7,106.9,0.4,112.3,5.8,not_play
529,MEM,2005-06,NBA,49,33,0.598,3rd of 5,3.74,86.3,-4.2,105.9,-0.3,101.6,-4.6,Lost W. Conf. 1st Rnd.
530,MEM,2004-05,NBA,45,37,0.549,4th of 5,2.64,88.5,-2.4,105.5,-0.6,102.9,-3.2,Lost W. Conf. 1st Rnd.
531,MEM,2003-04,NBA,50,32,0.61,4th of 7,2.95,91.4,1.3,104.8,1.9,102.2,-0.7,Lost W. Conf. 1st Rnd.
532,MEM,2002-03,NBA,28,54,0.341,6th of 7,-2.6,92.7,1.7,103.9,0.3,107.3,3.7,not_play
533,MEM,2001-02,NBA,23,59,0.28,7th of 7,-6.74,91.1,0.4,98.2,-6.3,106.3,1.8,not_play
534,MEM,2000-01,NBA,23,59,0.28,7th of 7,-4.94,91.7,0.4,99.6,-3.4,105.8,2.8,not_play
535,MEM,1999-00,NBA,22,60,0.268,7th of 7,-5.1,91.0,-2.1,102.3,-1.8,108.5,4.4,not_play
536,MEM,1998-99,NBA,8,42,0.16,7th of 7,-8.94,89.0,0.1,98.4,-3.8,107.9,5.7,not_play
537,MEM,1997-98,NBA,19,63,0.232,6th of 7,-7.47,92.1,1.8,104.1,-0.9,112.0,7.0,not_play
538,MEM,1996-97,NBA,14,68,0.171,7th of 7,-10.17,88.4,-1.7,100.3,-6.4,111.8,5.1,not_play
539,MEM,1995-96,NBA,15,67,0.183,7th of 7,-9.55,91.0,-0.8,97.6,-10.0,108.5,0.9,not_play
540,MIA,2021-22,NBA,53,29,0.646,1st of 5,4.23,95.9,-2.3,113.7,1.7,109.1,-2.9,Lost E. Conf. Finals
541,MIA,2020-21,NBA,40,32,0.556,2nd of 5,-0.06,96.6,-2.6,111.2,-1.1,111.2,-1.1,Lost E. Conf. 1st Rnd.
542,MIA,2019-20,NBA,44,29,0.603,1st of 5,2.59,98.3,-2.0,112.5,1.9,109.5,-1.1,Lost Finals
543,MIA,2018-19,NBA,39,43,0.476,3rd of 5,-0.45,98.2,-1.8,107.3,-3.1,107.6,-2.8,not_play
544,MIA,2017-18,NBA,44,38,0.537,1st of 5,0.15,95.6,-1.7,106.8,-1.8,106.3,-2.3,Lost E. Conf. 1st Rnd.
545,MIA,2016-17,NBA,41,41,0.5,3rd of 5,0.77,95.2,-1.2,107.8,-1.0,106.7,-2.1,not_play
546,MIA,2015-16,NBA,48,34,0.585,1st of 5,1.5,93.6,-2.2,106.1,-0.3,104.4,-2.0,Lost E. Conf. Semis
547,MIA,2014-15,NBA,37,45,0.451,3rd of 5,-2.92,90.9,-3.0,103.9,-1.7,106.7,1.1,not_play
548,MIA,2013-14,NBA,54,28,0.659,1st of 5,4.15,91.2,-2.7,110.9,4.2,105.8,-0.9,Lost Finals
549,MIA,2012-13,NBA,66,16,0.805,1st of 5,7.03,90.7,-1.3,112.3,6.4,103.7,-2.2,Won Finals
550,MIA,2011-12,NBA,46,20,0.697,1st of 5,5.72,91.2,-0.1,106.6,2.0,100.2,-4.4,Won Finals
551,MIA,2010-11,NBA,58,24,0.707,1st of 5,6.76,90.9,-1.2,111.7,4.4,103.5,-3.8,Lost Finals
552,MIA,2009-10,NBA,47,35,0.573,3rd of 5,1.99,89.6,-3.1,106.6,-1.0,104.1,-3.5,Lost E. Conf. 1st Rnd.
553,MIA,2008-09,NBA,43,39,0.524,3rd of 5,0.49,89.9,-1.8,107.8,-0.5,107.6,-0.7,Lost E. Conf. 1st Rnd.
554,MIA,2007-08,NBA,15,67,0.183,5th of 5,-8.53,90.2,-2.2,100.5,-7.0,110.0,2.5,not_play
555,MIA,2006-07,NBA,44,38,0.537,1st of 5,-1.21,89.9,-2.0,104.3,-2.2,105.3,-1.2,Lost E. Conf. 1st Rnd.
556,MIA,2005-06,NBA,52,30,0.634,1st of 5,3.59,91.6,1.1,108.7,2.5,104.5,-1.7,Won Finals
557,MIA,2004-05,NBA,59,23,0.72,1st of 5,5.77,90.8,-0.1,110.2,4.1,103.1,-3.0,Lost E. Conf. Finals
558,MIA,2003-04,NBA,42,40,0.512,2nd of 7,-0.13,88.0,-2.1,102.2,-0.7,101.7,-1.2,Lost E. Conf. Semis
559,MIA,2002-03,NBA,25,57,0.305,7th of 7,-5.13,87.8,-3.2,96.7,-6.9,102.4,-1.2,not_play
560,MIA,2001-02,NBA,36,46,0.439,6th of 7,-1.84,87.4,-3.3,98.5,-6.0,100.2,-4.3,not_play
561,MIA,2000-01,NBA,50,32,0.61,2nd of 7,1.73,87.1,-4.2,101.1,-1.9,98.5,-4.5,Lost E. Conf. 1st Rnd.
562,MIA,1999-00,NBA,52,30,0.634,1st of 7,2.75,89.7,-3.4,104.5,0.4,101.0,-3.1,Lost E. Conf. Semis
563,MIA,1998-99,NBA,33,17,0.66,1st of 7,5.11,84.8,-4.1,104.7,2.5,98.9,-3.3,Lost E. Conf. 1st Rnd.
564,MIA,1997-98,NBA,55,27,0.671,1st of 7,5.09,87.9,-2.4,107.6,2.6,102.0,-3.0,Lost E. Conf. 1st Rnd.
565,MIA,1996-97,NBA,61,21,0.744,1st of 7,5.56,88.2,-1.9,106.8,0.1,100.6,-6.1,Lost E. Conf. Finals
566,MIA,1995-96,NBA,42,40,0.512,3rd of 7,1.46,91.1,-0.7,105.3,-2.3,103.8,-3.8,Lost E. Conf. 1st Rnd.
567,MIA,1994-95,NBA,32,50,0.39,4th of 7,-1.85,92.9,0.0,108.2,-0.1,109.9,1.6,not_play
568,MIA,1993-94,NBA,42,40,0.512,4th of 7,2.4,93.8,-1.3,109.5,3.2,106.7,0.4,Lost E. Conf. 1st Rnd.
569,MIA,1992-93,NBA,36,46,0.439,5th of 7,-0.93,94.6,-2.2,107.7,-0.3,108.9,0.9,not_play
570,MIA,1991-92,NBA,38,44,0.463,4th of 7,-3.94,97.7,1.1,106.7,-1.5,110.9,2.7,Lost E. Conf. 1st Rnd.
571,MIA,1990-91,NBA,24,58,0.293,6th of 6,-5.91,99.3,1.5,102.0,-5.9,108.1,0.2,not_play
572,MIA,1989-90,NBA,18,64,0.22,5th of 6,-9.59,101.0,2.7,99.3,-8.8,108.9,0.8,not_play
573,MIA,1988-89,NBA,15,67,0.183,6th of 6,-11.13,99.1,-1.5,97.8,-10.0,109.0,1.2,not_play
574,MIL,2021-22,NBA,51,31,0.622,1st of 5,3.22,99.9,1.7,115.1,3.1,111.8,-0.2,Lost E. Conf. Semis
575,MIL,2020-21,NBA,46,26,0.639,1st of 5,5.57,102.2,3.0,117.2,4.9,111.4,-0.9,Won Finals
576,MIL,2019-20,NBA,56,17,0.767,1st of 5,9.41,105.1,4.8,112.4,1.8,102.9,-7.7,Lost E. Conf. Semis
577,MIL,2018-19,NBA,60,22,0.732,1st of 5,8.04,103.3,3.3,113.8,3.4,105.2,-5.2,Lost E. Conf. Finals
578,MIL,2017-18,NBA,44,38,0.537,3rd of 5,-0.45,96.2,-1.1,109.8,1.2,110.1,1.5,Lost E. Conf. 1st Rnd.
579,MIL,2016-17,NBA,42,40,0.512,2nd of 5,-0.45,94.5,-1.9,109.1,0.3,109.3,0.5,Lost E. Conf. 1st Rnd.
580,MIL,2015-16,NBA,33,49,0.402,5th of 5,-3.98,94.2,-1.6,104.3,-2.1,108.7,2.3,not_play
581,MIL,2014-15,NBA,41,41,0.5,3rd of 5,-0.09,94.1,0.2,102.7,-2.9,102.2,-3.4,Lost E. Conf. 1st Rnd.
582,MIL,2013-14,NBA,15,67,0.183,5th of 5,-8.41,91.8,-2.1,103.0,-3.7,111.8,5.1,not_play
583,MIL,2012-13,NBA,38,44,0.463,3rd of 5,-1.83,94.7,2.7,103.6,-2.3,105.2,-0.7,Lost E. Conf. 1st Rnd.
584,MIL,2011-12,NBA,31,35,0.47,3rd of 5,-0.23,93.7,2.4,105.5,0.9,105.2,0.6,not_play
585,MIL,2010-11,NBA,35,47,0.427,3rd of 5,-1.02,89.8,-2.3,101.6,-5.7,102.5,-4.8,not_play
586,MIL,2009-10,NBA,46,36,0.561,2nd of 5,1.37,91.7,-1.0,104.9,-2.7,103.1,-4.5,Lost E. Conf. 1st Rnd.
587,MIL,2008-09,NBA,34,48,0.415,5th of 5,-0.88,92.6,0.9,106.7,-1.6,107.9,-0.4,not_play
588,MIL,2007-08,NBA,26,56,0.317,5th of 5,-6.92,91.3,-1.1,105.3,-2.2,112.8,5.3,not_play
589,MIL,2006-07,NBA,28,54,0.341,5th of 5,-4.43,92.3,0.4,107.0,0.5,111.7,5.2,not_play
590,MIL,2005-06,NBA,40,42,0.488,5th of 5,-1.07,91.2,0.7,106.3,0.1,107.4,1.2,Lost E. Conf. 1st Rnd.
591,MIL,2004-05,NBA,30,52,0.366,5th of 5,-3.09,90.8,-0.1,106.6,0.5,109.8,3.7,not_play
592,MIL,2003-04,NBA,41,41,0.5,4th of 8,0.42,91.6,1.5,106.5,3.6,105.4,2.5,Lost E. Conf. 1st Rnd.
593,MIL,2002-03,NBA,42,40,0.512,4th of 8,-0.24,90.4,-0.6,108.8,5.2,108.6,5.0,Lost E. Conf. 1st Rnd.
594,MIL,2001-02,NBA,41,41,0.5,5th of 8,-0.62,90.2,-0.5,106.9,2.4,107.1,2.6,not_play
595,MIL,2000-01,NBA,52,30,0.634,1st of 8,3.14,92.1,0.8,108.8,5.8,104.6,1.6,Lost E. Conf. Finals
596,MIL,1999-00,NBA,42,40,0.512,5th of 8,-0.06,92.7,-0.4,108.2,4.1,107.9,3.8,Lost E. Conf. 1st Rnd.
597,MIL,1998-99,NBA,28,22,0.56,4th of 8,1.66,87.0,-1.9,104.9,2.7,103.0,0.8,Lost E. Conf. 1st Rnd.
598,MIL,1997-98,NBA,36,46,0.439,7th of 8,-1.33,90.2,-0.1,103.5,-1.5,105.6,0.6,not_play
599,MIL,1996-97,NBA,33,49,0.402,7th of 8,-1.38,89.5,-0.6,106.2,-0.5,108.3,1.6,not_play
600,MIL,1995-96,NBA,25,57,0.305,7th of 8,-4.92,90.2,-1.6,105.6,-2.0,111.5,3.9,not_play
601,MIL,1994-95,NBA,34,48,0.415,6th of 7,-4.3,92.7,-0.2,106.2,-2.1,110.9,2.6,not_play
602,MIL,1993-94,NBA,20,62,0.244,6th of 7,-6.24,94.5,-0.6,102.5,-3.8,109.3,3.0,not_play
603,MIL,1992-93,NBA,28,54,0.341,7th of 7,-3.26,96.1,-0.7,106.2,-1.8,110.1,2.1,not_play
604,MIL,1991-92,NBA,31,51,0.378,6th of 7,-1.46,95.5,-1.1,108.8,0.6,110.6,2.4,not_play
605,MIL,1990-91,NBA,48,34,0.585,3rd of 7,2.33,96.1,-1.7,109.7,1.8,107.2,-0.7,Lost E. Conf. 1st Rnd.
606,MIL,1989-90,NBA,44,38,0.537,3rd of 7,-1.06,98.0,-0.3,107.3,-0.8,108.1,0.0,Lost E. Conf. 1st Rnd.
607,MIL,1988-89,NBA,49,33,0.598,4th of 6,4.11,98.6,-2.0,110.1,2.3,106.4,-1.4,Lost E. Conf. Semis
608,MIL,1987-88,NBA,42,40,0.512,4th of 6,1.21,97.6,-2.0,108.2,0.2,107.6,-0.4,Lost E. Conf. 1st Rnd.
609,MIL,1986-87,NBA,50,32,0.61,3rd of 6,4.04,100.3,-0.5,109.5,1.2,105.6,-2.7,Lost E. Conf. Semis
610,MIL,1985-86,NBA,57,25,0.695,1st of 6,8.69,102.1,0.0,111.4,4.2,102.7,-4.5,Lost E. Conf. Finals
611,MIN,2021-22,NBA,46,36,0.561,3rd of 5,2.53,100.9,2.7,114.3,2.3,111.7,-0.3,Lost W. Conf. 1st Rnd.
612,MIN,2020-21,NBA,23,49,0.319,4th of 5,-5.25,101.6,2.4,109.5,-2.8,115.0,2.7,not_play
613,MIN,2019-20,NBA,19,45,0.297,5th of 5,-4.02,103.4,3.1,108.1,-2.5,112.2,1.6,not_play
614,MIN,2018-19,NBA,36,46,0.439,5th of 5,-1.02,100.2,0.2,111.4,1.0,112.9,2.5,not_play
615,MIN,2017-18,NBA,47,35,0.573,4th of 5,2.35,96.0,-1.3,113.4,4.8,111.1,2.5,Lost W. Conf. 1st Rnd.
616,MIN,2016-17,NBA,31,51,0.378,5th of 5,-0.64,94.6,-1.8,110.8,2.0,112.0,3.2,not_play
617,MIN,2015-16,NBA,29,53,0.354,5th of 5,-3.38,95.2,-0.6,106.5,0.1,110.1,3.7,not_play
618,MIN,2014-15,NBA,16,66,0.195,5th of 5,-8.0,94.4,0.5,102.9,-2.7,112.2,6.6,not_play
619,MIN,2013-14,NBA,40,42,0.488,3rd of 5,3.1,97.3,3.4,108.9,2.2,106.2,-0.5,not_play
620,MIN,2012-13,NBA,31,51,0.378,5th of 5,-1.83,92.8,0.8,102.9,-3.0,105.4,-0.5,not_play
621,MIN,2011-12,NBA,26,40,0.394,5th of 5,-1.83,93.3,2.0,104.3,-0.3,106.6,2.0,not_play
622,MIN,2010-11,NBA,17,65,0.207,5th of 5,-5.97,96.5,4.4,104.2,-3.1,111.1,3.8,not_play
623,MIN,2009-10,NBA,15,67,0.183,5th of 5,-9.06,96.1,3.4,101.7,-5.9,111.6,4.0,not_play
624,MIN,2008-09,NBA,24,58,0.293,4th of 5,-4.74,91.6,-0.1,106.1,-2.2,111.4,3.1,not_play
625,MIN,2007-08,NBA,22,60,0.268,4th of 5,-6.26,91.9,-0.5,103.8,-3.7,111.2,3.7,not_play
626,MIN,2006-07,NBA,32,50,0.39,4th of 5,-3.16,91.0,-0.9,103.9,-2.6,107.9,1.4,not_play
627,MIN,2005-06,NBA,33,49,0.402,4th of 5,-1.75,88.8,-1.7,102.4,-3.8,104.5,-1.7,not_play
628,MIN,2004-05,NBA,44,38,0.537,3rd of 5,1.73,89.1,-1.8,108.2,2.1,106.6,0.5,not_play
629,MIN,2003-04,NBA,58,24,0.707,1st of 7,5.86,89.0,-1.1,105.9,3.0,99.7,-3.2,Lost W. Conf. Finals
630,MIN,2002-03,NBA,51,31,0.622,3rd of 7,2.46,91.9,0.9,106.1,2.5,103.8,0.2,Lost W. Conf. 1st Rnd.
631,MIN,2001-02,NBA,50,32,0.61,3rd of 7,3.58,90.5,-0.2,109.0,4.5,105.3,0.8,Lost W. Conf. 1st Rnd.
632,MIN,2000-01,NBA,47,35,0.573,4th of 7,1.81,91.8,0.5,105.2,2.2,103.7,0.7,Lost W. Conf. 1st Rnd.
633,MIN,1999-00,NBA,50,32,0.61,3rd of 7,2.67,91.8,-1.3,106.1,2.0,103.4,-0.7,Lost W. Conf. 1st Rnd.
634,MIN,1998-99,NBA,25,25,0.5,4th of 7,-0.17,91.0,2.1,101.9,-0.3,101.5,-0.7,Lost W. Conf. 1st Rnd.
635,MIN,1997-98,NBA,45,37,0.549,3rd of 7,0.17,92.6,2.3,107.8,2.8,107.1,2.1,Lost W. Conf. 1st Rnd.
636,MIN,1996-97,NBA,40,42,0.488,3rd of 7,-1.82,90.7,0.6,105.5,-1.2,107.1,0.4,Lost W. Conf. 1st Rnd.
637,MIN,1995-96,NBA,26,56,0.317,5th of 7,-5.14,93.5,1.7,104.1,-3.5,109.8,2.2,not_play
638,MIN,1994-95,NBA,21,61,0.256,6th of 6,-8.22,91.4,-1.5,102.6,-5.7,112.4,4.1,not_play
639,MIN,1993-94,NBA,20,62,0.244,5th of 6,-6.55,94.7,-0.4,101.9,-4.4,109.2,2.9,not_play
640,MIN,1992-93,NBA,19,63,0.232,5th of 6,-7.62,93.8,-3.0,103.6,-4.4,111.8,3.8,not_play
641,MIN,1991-92,NBA,15,67,0.183,6th of 6,-6.85,95.1,-1.5,105.0,-3.2,112.4,4.2,not_play
642,MIN,1990-91,NBA,29,53,0.354,5th of 7,-3.75,92.3,-5.5,106.7,-1.2,110.9,3.0,not_play
643,MIN,1989-90,NBA,22,60,0.268,6th of 7,-3.6,91.1,-7.2,103.6,-4.5,108.2,0.1,not_play
644,NOH,2021-22,NBA,36,46,0.439,3rd of 5,-0.84,97.2,-1.0,112.0,0.0,113.0,1.0,Lost W. Conf. 1st Rnd.
645,NOH,2020-21,NBA,31,41,0.431,4th of 5,-0.2,100.1,0.9,113.5,1.2,113.8,1.5,not_play
646,NOH,2019-20,NBA,30,42,0.417,5th of 5,-0.55,103.7,3.4,110.7,0.1,111.9,1.3,not_play
647,NOH,2018-19,NBA,33,49,0.402,4th of 5,-1.1,103.3,3.3,111.4,1.0,112.6,2.2,not_play
648,NOH,2017-18,NBA,48,34,0.585,2nd of 5,1.48,100.5,3.2,109.6,1.0,108.3,-0.3,Lost W. Conf. Semis
649,NOH,2016-17,NBA,34,48,0.415,4th of 5,-1.69,98.0,1.6,105.2,-3.6,107.4,-1.4,not_play
650,NOH,2015-16,NBA,30,52,0.366,5th of 5,-3.56,96.8,1.0,105.6,-0.8,109.5,3.1,not_play
651,NOH,2014-15,NBA,45,37,0.549,5th of 5,1.13,91.4,-2.5,108.2,2.6,107.3,1.7,Lost W. Conf. 1st Rnd.
652,NOH,2013-14,NBA,34,48,0.415,5th of 5,-1.98,92.2,-1.7,107.2,0.5,110.1,3.4,not_play
653,NOH,2012-13,NBA,27,55,0.329,5th of 5,-3.12,88.5,-3.5,105.7,-0.2,110.1,4.2,not_play
654,NOH,2011-12,NBA,21,45,0.318,5th of 5,-3.11,88.3,-3.0,100.9,-3.7,105.1,0.5,not_play
655,NOH,2010-11,NBA,46,36,0.561,3rd of 5,1.28,88.7,-3.4,106.2,-1.1,105.2,-2.1,Lost W. Conf. 1st Rnd.
656,NOH,2009-10,NBA,37,45,0.451,5th of 5,-2.27,92.6,-0.1,107.4,-0.2,110.1,2.5,not_play
657,NOH,2008-09,NBA,49,33,0.598,4th of 5,1.41,87.8,-3.9,108.7,0.4,107.0,-1.3,Lost W. Conf. 1st Rnd.
658,NOH,2007-08,NBA,56,26,0.683,1st of 5,5.46,89.9,-2.5,111.5,4.0,105.7,-1.8,Lost W. Conf. Semis
659,NOH,2006-07,NBA,39,43,0.476,4th of 5,-1.19,90.2,-1.7,104.8,-1.7,106.5,0.0,not_play
660,NOH,2005-06,NBA,38,44,0.463,4th of 5,-2.51,89.0,-1.5,103.7,-2.5,106.8,0.6,not_play
661,NOH,2004-05,NBA,18,64,0.22,5th of 5,-6.3,87.6,-3.3,99.7,-6.4,107.7,1.6,not_play
662,NOH,2003-04,NBA,41,41,0.5,3rd of 8,-0.72,89.1,-1.0,102.3,-0.6,102.4,-0.5,Lost E. Conf. 1st Rnd.
663,NOH,2002-03,NBA,47,35,0.573,3rd of 8,1.52,89.4,-1.6,103.9,0.3,101.6,-2.0,Lost E. Conf. 1st Rnd.
664,NYK,2021-22,NBA,37,45,0.451,5th of 5,-0.01,95.9,-2.3,110.4,-1.6,110.5,-1.5,not_play
665,NYK,2020-21,NBA,41,31,0.569,3rd of 5,2.13,95.9,-3.3,110.6,-1.7,108.2,-4.1,Lost E. Conf. 1st Rnd.
666,NYK,2019-20,NBA,21,45,0.318,5th of 5,-6.72,98.6,-1.7,106.5,-4.1,113.0,2.4,not_play
667,NYK,2018-19,NBA,17,65,0.207,5th of 5,-8.93,99.6,-0.4,104.5,-5.9,113.7,3.3,not_play
668,NYK,2017-18,NBA,29,53,0.354,4th of 5,-3.53,96.8,-0.5,107.1,-1.5,110.7,2.1,not_play
669,NYK,2016-17,NBA,31,51,0.378,3rd of 5,-3.87,96.0,-0.4,107.7,-1.1,111.5,2.7,not_play
670,NYK,2015-16,NBA,32,50,0.39,3rd of 5,-2.74,93.4,-2.4,104.6,-1.8,107.6,1.2,not_play
671,NYK,2014-15,NBA,17,65,0.207,5th of 5,-9.5,91.2,-2.7,99.9,-5.7,110.0,4.4,not_play
672,NYK,2013-14,NBA,37,45,0.451,3rd of 5,-1.4,90.3,-3.6,108.3,1.6,109.1,2.4,not_play
673,NYK,2012-13,NBA,54,28,0.659,1st of 5,3.73,89.8,-2.2,111.1,5.2,106.3,0.4,Lost E. Conf. Semis
674,NYK,2011-12,NBA,36,30,0.545,2nd of 5,2.39,93.2,1.9,104.4,-0.2,101.0,-3.6,Lost E. Conf. 1st Rnd.
675,NYK,2010-11,NBA,42,40,0.512,2nd of 5,0.48,95.6,3.5,110.9,3.6,110.1,2.8,Lost E. Conf. 1st Rnd.
676,NYK,2009-10,NBA,29,53,0.354,3rd of 5,-4.01,94.0,1.3,107.6,0.0,111.6,4.0,not_play
677,NYK,2008-09,NBA,32,50,0.39,5th of 5,-2.33,96.7,5.0,108.1,-0.2,110.8,2.5,not_play
678,NYK,2007-08,NBA,23,59,0.28,5th of 5,-6.55,91.6,-0.8,104.7,-2.8,111.9,4.4,not_play
679,NYK,2006-07,NBA,33,49,0.402,4th of 5,-3.06,90.8,-1.1,105.7,-0.8,108.8,2.3,not_play
680,NYK,2005-06,NBA,23,59,0.28,5th of 5,-6.3,90.8,0.3,104.0,-2.2,111.0,4.8,not_play
681,NYK,2004-05,NBA,33,49,0.402,5th of 5,-2.72,90.7,-0.2,106.2,0.1,108.9,2.8,not_play
682,NYK,2003-04,NBA,39,43,0.476,3rd of 7,-1.97,89.5,-0.6,101.7,-1.2,103.3,0.4,Lost E. Conf. 1st Rnd.
683,NYK,2002-03,NBA,37,45,0.451,6th of 7,-1.61,90.7,-0.3,104.7,1.1,106.2,2.6,not_play
684,NYK,2001-02,NBA,30,52,0.366,7th of 7,-4.15,89.7,-1.0,101.5,-3.0,105.9,1.4,not_play
685,NYK,2000-01,NBA,48,34,0.585,3rd of 7,1.98,86.7,-4.6,101.2,-1.8,98.2,-4.8,Lost E. Conf. 1st Rnd.
686,NYK,1999-00,NBA,50,32,0.61,2nd of 7,1.3,89.2,-3.9,102.5,-1.6,100.9,-3.2,Lost E. Conf. Finals
687,NYK,1998-99,NBA,27,23,0.54,4th of 7,1.45,86.9,-2.0,98.6,-3.6,97.5,-4.7,Lost Finals
688,NYK,1997-98,NBA,43,39,0.524,2nd of 7,2.74,88.2,-2.1,103.0,-2.0,100.3,-4.7,Lost E. Conf. Semis
689,NYK,1996-97,NBA,57,25,0.695,2nd of 7,3.31,90.5,0.4,104.4,-2.3,101.0,-5.7,Lost E. Conf. Semis
690,NYK,1995-96,NBA,47,35,0.573,2nd of 7,2.24,91.0,-0.8,106.0,-1.6,103.5,-4.1,Lost E. Conf. Semis
691,NYK,1994-95,NBA,55,27,0.671,2nd of 7,2.78,91.2,-1.7,107.2,-1.1,103.8,-4.5,Lost E. Conf. Semis
692,NYK,1993-94,NBA,57,25,0.695,1st of 7,6.48,92.8,-2.3,105.7,-0.6,98.2,-8.1,Lost Finals
693,NYK,1992-93,NBA,60,22,0.732,1st of 7,5.87,94.5,-2.3,106.1,-1.9,99.7,-8.3,Lost E. Conf. Finals
694,NYK,1991-92,NBA,51,31,0.622,2nd of 7,3.67,92.9,-3.7,108.3,0.1,104.2,-4.0,Lost E. Conf. Semis
695,NYK,1990-91,NBA,39,43,0.476,3rd of 6,-0.43,95.0,-2.8,107.1,-0.8,107.3,-0.6,Lost E. Conf. 1st Rnd.
696,NYK,1989-90,NBA,45,37,0.549,3rd of 6,0.78,98.2,-0.1,109.4,1.3,108.0,-0.1,Lost E. Conf. Semis
697,NYK,1988-89,NBA,52,30,0.634,1st of 6,3.62,104.4,3.8,111.1,3.3,107.5,-0.3,Lost E. Conf. Semis
698,NYK,1987-88,NBA,38,44,0.463,3rd of 5,0.14,99.1,-0.5,105.9,-2.1,106.4,-1.6,Lost E. Conf. 1st Rnd.
699,NYK,1986-87,NBA,24,58,0.293,5th of 5,-5.42,98.5,-2.3,104.8,-3.5,111.1,2.8,not_play
700,NYK,1985-86,NBA,23,59,0.28,5th of 5,-4.82,98.6,-3.5,99.5,-7.7,105.2,-2.0,not_play
701,OKC,2021-22,NBA,24,58,0.293,5th of 5,-7.9,98.5,0.3,104.6,-7.4,112.8,0.8,not_play
702,OKC,2020-21,NBA,22,50,0.306,5th of 5,-10.13,101.0,1.8,103.5,-8.8,114.0,1.7,not_play
703,OKC,2019-20,NBA,44,28,0.611,2nd of 5,2.33,98.8,-1.5,110.8,0.2,108.8,-1.8,Lost W. Conf. 1st Rnd.
704,OKC,2018-19,NBA,49,33,0.598,4th of 5,3.56,102.8,2.8,110.3,-0.1,107.0,-3.4,Lost W. Conf. 1st Rnd.
705,OKC,2017-18,NBA,48,34,0.585,2nd of 5,3.42,96.7,-0.6,110.7,2.1,107.2,-1.4,Lost W. Conf. 1st Rnd.
706,OKC,2016-17,NBA,47,35,0.573,2nd of 5,1.14,97.8,1.4,108.3,-0.5,107.5,-1.3,Lost W. Conf. 1st Rnd.
707,OKC,2015-16,NBA,55,27,0.671,1st of 5,7.09,96.7,0.9,113.1,6.7,105.6,-0.8,Lost W. Conf. Finals
708,OKC,2014-15,NBA,45,37,0.549,2nd of 5,2.47,95.7,1.8,107.8,2.2,105.5,-0.1,not_play
709,OKC,2013-14,NBA,59,23,0.72,1st of 5,6.66,95.4,1.5,110.5,3.8,103.9,-2.8,Lost W. Conf. Finals
710,OKC,2012-13,NBA,60,22,0.732,1st of 5,9.15,93.3,1.3,112.4,6.5,102.6,-3.3,Lost W. Conf. Semis
711,OKC,2011-12,NBA,47,19,0.712,1st of 5,6.44,93.0,1.7,109.8,5.2,103.2,-1.4,Lost Finals
712,OKC,2010-11,NBA,55,27,0.671,1st of 5,3.81,92.7,0.6,111.2,3.9,107.2,-0.1,Lost W. Conf. Finals
713,OKC,2009-10,NBA,50,32,0.61,4th of 5,3.55,93.1,0.4,108.3,0.7,104.6,-3.0,Lost W. Conf. 1st Rnd.
714,OKC,2008-09,NBA,23,59,0.28,5th of 5,-6.04,93.6,1.9,102.9,-5.4,109.4,1.1,not_play
715,OKC,2007-08,NBA,20,62,0.244,5th of 5,-8.04,96.3,3.9,100.5,-7.0,109.5,2.0,not_play
716,OKC,2006-07,NBA,31,51,0.378,5th of 5,-2.45,91.8,-0.1,107.2,0.7,110.3,3.8,not_play
717,OKC,2005-06,NBA,35,47,0.427,3rd of 5,-2.88,91.6,1.1,111.1,4.9,114.4,8.2,not_play
718,OKC,2004-05,NBA,52,30,0.634,1st of 5,2.59,87.9,-3.0,112.2,6.1,109.6,3.5,Lost W. Conf. Semis
719,OKC,2003-04,NBA,37,45,0.451,5th of 7,0.02,89.9,-0.2,107.3,4.4,108.0,5.1,not_play
720,OKC,2002-03,NBA,40,42,0.488,5th of 7,0.37,88.0,-3.0,103.7,0.1,103.9,0.3,not_play
721,OKC,2001-02,NBA,45,37,0.549,4th of 7,3.24,89.0,-1.7,108.9,4.4,105.6,1.1,Lost W. Conf. 1st Rnd.
722,OKC,2000-01,NBA,44,38,0.537,5th of 7,0.55,91.6,0.3,105.6,2.6,105.6,2.6,not_play
723,OKC,1999-00,NBA,45,37,0.549,4th of 7,1.17,93.4,0.3,105.6,1.5,104.6,0.5,Lost W. Conf. 1st Rnd.
724,OKC,1998-99,NBA,25,25,0.5,5th of 7,-1.43,89.6,0.7,105.0,2.8,106.2,4.0,not_play
725,OKC,1997-98,NBA,61,21,0.744,1st of 7,6.33,89.8,-0.5,111.6,6.6,103.6,-1.4,Lost W. Conf. Semis
726,OKC,1996-97,NBA,57,25,0.695,1st of 7,6.91,90.3,0.2,111.2,4.5,102.7,-4.0,Lost W. Conf. Semis
727,OKC,1995-96,NBA,64,18,0.78,1st of 7,7.4,93.8,2.0,110.3,2.7,102.1,-5.5,Lost Finals
728,OKC,1994-95,NBA,57,25,0.695,2nd of 7,7.91,95.5,2.6,114.8,6.5,106.3,-2.0,Lost W. Conf. 1st Rnd.
729,OKC,1993-94,NBA,63,19,0.768,1st of 7,8.68,95.1,0.0,111.1,4.8,101.5,-4.8,Lost W. Conf. 1st Rnd.
730,OKC,1992-93,NBA,55,27,0.671,2nd of 7,6.66,96.0,-0.8,112.3,4.3,104.9,-3.1,Lost W. Conf. Finals
731,OKC,1991-92,NBA,47,35,0.573,4th of 7,1.86,95.4,-1.2,110.7,2.5,108.8,0.6,Lost W. Conf. Semis
732,OKC,1990-91,NBA,41,41,0.5,5th of 7,1.31,96.2,-1.6,109.7,1.8,108.5,0.6,Lost W. Conf. 1st Rnd.
733,OKC,1989-90,NBA,41,41,0.5,4th of 7,1.4,95.3,-3.0,110.9,2.8,109.8,1.7,not_play
734,OKC,1988-89,NBA,47,35,0.573,3rd of 7,2.44,100.1,-0.5,111.5,3.7,108.6,0.8,Lost W. Conf. Semis
735,OKC,1987-88,NBA,44,38,0.537,3rd of 6,1.29,100.2,0.6,110.2,2.2,108.1,0.1,Lost W. Conf. 1st Rnd.
736,OKC,1986-87,NBA,39,43,0.476,4th of 6,0.08,101.8,1.0,110.7,2.4,110.3,2.0,Lost W. Conf. Finals
737,OKC,1985-86,NBA,31,51,0.378,5th of 6,-0.47,97.4,-4.7,105.9,-1.3,106.0,-1.2,not_play
738,ORL,2021-22,NBA,22,60,0.268,5th of 5,-7.67,99.2,1.0,104.5,-7.5,112.5,0.5,not_play
739,ORL,2020-21,NBA,21,51,0.292,5th of 5,-9.02,98.7,-0.5,105.1,-7.2,114.5,2.2,not_play
740,ORL,2019-20,NBA,33,40,0.452,2nd of 5,-0.93,98.6,-1.7,108.5,-2.1,109.5,-1.1,Lost E. Conf. 1st Rnd.
741,ORL,2018-19,NBA,42,40,0.512,1st of 5,0.28,98.1,-1.9,108.9,-1.5,108.1,-2.3,Lost E. Conf. 1st Rnd.
742,ORL,2017-18,NBA,25,57,0.305,4th of 5,-4.92,98.1,0.8,105.2,-3.4,110.1,1.5,not_play
743,ORL,2016-17,NBA,29,53,0.354,5th of 5,-6.61,96.8,0.4,103.7,-5.1,110.5,1.7,not_play
744,ORL,2015-16,NBA,35,47,0.427,5th of 5,-1.68,96.0,0.2,105.1,-1.3,106.8,0.4,not_play
745,ORL,2014-15,NBA,25,57,0.305,5th of 5,-5.87,93.8,-0.1,101.6,-4.0,107.7,2.1,not_play
746,ORL,2013-14,NBA,23,59,0.28,5th of 5,-5.88,93.6,-0.3,101.7,-5.0,107.4,0.7,not_play
747,ORL,2012-13,NBA,20,62,0.244,5th of 5,-7.12,92.2,0.2,101.6,-4.3,109.1,3.2,not_play
748,ORL,2011-12,NBA,37,29,0.561,3rd of 5,0.46,89.0,-2.3,105.0,0.4,104.1,-0.5,Lost E. Conf. 1st Rnd.
749,ORL,2010-11,NBA,52,30,0.634,2nd of 5,4.92,91.2,-0.9,107.9,0.6,102.0,-5.3,Lost E. Conf. 1st Rnd.
750,ORL,2009-10,NBA,59,23,0.72,1st of 5,7.12,92.0,-0.7,111.4,3.8,103.3,-4.3,Lost E. Conf. Finals
751,ORL,2008-09,NBA,59,23,0.72,1st of 5,6.48,92.3,0.6,109.2,0.9,101.9,-6.4,Lost Finals
752,ORL,2007-08,NBA,52,30,0.634,1st of 5,4.79,93.4,1.0,111.3,3.8,105.5,-2.0,Lost E. Conf. Semis
753,ORL,2006-07,NBA,40,42,0.488,3rd of 5,0.35,89.9,-2.0,104.9,-1.6,104.1,-2.4,Lost E. Conf. 1st Rnd.
754,ORL,2005-06,NBA,36,46,0.439,3rd of 5,-1.26,88.3,-2.2,106.3,0.1,107.5,1.3,not_play
755,ORL,2004-05,NBA,36,46,0.439,3rd of 5,-2.52,94.7,3.8,104.9,-1.2,107.3,1.2,not_play
756,ORL,2003-04,NBA,21,61,0.256,7th of 7,-7.25,90.8,0.7,102.7,-0.2,110.4,7.5,not_play
757,ORL,2002-03,NBA,42,40,0.512,4th of 7,-0.39,93.1,2.1,105.2,1.6,105.0,1.4,Lost E. Conf. 1st Rnd.
758,ORL,2001-02,NBA,44,38,0.537,3rd of 7,1.25,93.2,2.5,107.0,2.5,105.3,0.8,Lost E. Conf. 1st Rnd.
759,ORL,2000-01,NBA,43,39,0.524,4th of 7,0.39,93.2,1.9,103.2,0.2,102.1,-0.9,Lost E. Conf. 1st Rnd.
760,ORL,1999-00,NBA,41,41,0.5,4th of 7,0.43,97.3,4.2,102.4,-1.7,101.7,-2.4,not_play
761,ORL,1998-99,NBA,33,17,0.66,2nd of 7,3.11,88.8,-0.1,100.3,-1.9,97.4,-4.8,Lost E. Conf. 1st Rnd.
762,ORL,1997-98,NBA,41,41,0.5,5th of 7,-0.53,87.1,-3.2,102.6,-2.4,103.8,-1.2,not_play
763,ORL,1996-97,NBA,45,37,0.549,3rd of 7,-0.07,88.3,-1.8,105.6,-1.1,106.0,-0.7,Lost E. Conf. 1st Rnd.
764,ORL,1995-96,NBA,60,22,0.732,1st of 7,5.4,91.8,0.0,112.9,5.3,106.9,-0.7,Lost E. Conf. Finals
765,ORL,1994-95,NBA,57,25,0.695,1st of 7,6.44,95.1,2.2,115.1,6.8,107.8,-0.5,Lost Finals
766,ORL,1993-94,NBA,50,32,0.61,2nd of 7,3.68,95.2,0.1,110.8,4.5,106.7,0.4,Lost E. Conf. 1st Rnd.
767,ORL,1992-93,NBA,41,41,0.5,4th of 7,1.35,96.3,-0.5,108.5,0.5,107.1,-0.9,not_play
768,ORL,1991-92,NBA,21,61,0.256,7th of 7,-6.52,98.0,1.4,103.5,-4.7,110.5,2.3,not_play
769,ORL,1990-91,NBA,31,51,0.378,4th of 7,-3.79,99.5,1.7,105.9,-2.0,109.9,2.0,not_play
770,ORL,1989-90,NBA,18,64,0.22,7th of 7,-8.73,104.1,5.8,105.8,-2.3,114.3,6.2,not_play
771,PHI,2021-22,NBA,51,31,0.622,2nd of 5,2.57,96.2,-2.0,113.5,1.5,110.8,-1.2,Lost E. Conf. Semis
772,PHI,2020-21,NBA,49,23,0.681,1st of 5,5.28,99.5,0.3,113.2,0.9,107.6,-4.7,Lost E. Conf. Semis
773,PHI,2019-20,NBA,43,30,0.589,3rd of 5,2.25,99.0,-1.3,111.3,0.7,109.0,-1.6,Lost E. Conf. 1st Rnd.
774,PHI,2018-19,NBA,51,31,0.622,2nd of 5,2.25,101.6,1.6,112.6,2.2,110.0,-0.4,Lost E. Conf. Semis
775,PHI,2017-18,NBA,52,30,0.634,3rd of 5,4.3,99.8,2.5,109.5,0.9,105.0,-3.6,Lost E. Conf. Semis
776,PHI,2016-17,NBA,28,54,0.341,4th of 5,-5.83,98.5,2.1,103.2,-5.6,108.9,0.1,not_play
777,PHI,2015-16,NBA,10,72,0.122,5th of 5,-9.92,97.9,2.1,98.8,-7.6,109.2,2.8,not_play
778,PHI,2014-15,NBA,18,64,0.22,4th of 5,-9.04,95.7,1.8,95.5,-10.1,104.8,-0.8,not_play
779,PHI,2013-14,NBA,19,63,0.232,5th of 5,-10.66,99.2,5.3,99.4,-7.3,109.9,3.2,not_play
780,PHI,2012-13,NBA,34,48,0.415,4th of 5,-3.51,91.0,-1.0,102.0,-3.9,105.7,-0.2,not_play
781,PHI,2011-12,NBA,35,31,0.53,3rd of 5,3.59,89.7,-1.6,103.9,-0.7,99.2,-5.4,Lost E. Conf. Semis
782,PHI,2010-11,NBA,41,41,0.5,3rd of 5,1.01,91.7,-0.4,106.6,-0.7,105.0,-2.3,Lost E. Conf. 1st Rnd.
783,PHI,2009-10,NBA,27,55,0.329,4th of 5,-3.93,91.6,-1.1,106.1,-1.5,110.3,2.7,not_play
784,PHI,2008-09,NBA,41,41,0.5,2nd of 5,0.16,90.0,-1.7,107.9,-0.4,107.8,-0.5,Lost E. Conf. 1st Rnd.
785,PHI,2007-08,NBA,40,42,0.488,3rd of 5,0.19,90.4,-2.0,106.4,-1.1,106.0,-1.5,Lost E. Conf. 1st Rnd.
786,PHI,2006-07,NBA,35,47,0.427,3rd of 5,-3.26,90.7,-1.2,103.6,-2.9,106.9,0.4,not_play
787,PHI,2005-06,NBA,38,44,0.463,2nd of 5,-2.1,92.7,2.2,106.0,-0.2,108.1,1.9,not_play
788,PHI,2004-05,NBA,43,39,0.524,2nd of 5,-1.07,94.9,4.0,103.5,-2.6,104.3,-1.8,Lost E. Conf. 1st Rnd.
789,PHI,2003-04,NBA,33,49,0.402,5th of 7,-2.95,88.0,-2.1,99.1,-3.8,101.9,-1.0,not_play
790,PHI,2002-03,NBA,48,34,0.585,2nd of 7,1.76,91.4,0.4,105.0,1.4,102.5,-1.1,Lost E. Conf. Semis
791,PHI,2001-02,NBA,43,39,0.524,4th of 7,1.27,88.9,-1.8,102.1,-2.4,100.3,-4.2,Lost E. Conf. 1st Rnd.
792,PHI,2000-01,NBA,56,26,0.683,1st of 7,3.64,90.6,-0.7,103.6,0.6,98.9,-4.1,Lost Finals
793,PHI,1999-00,NBA,49,33,0.598,3rd of 7,1.02,92.7,-0.4,101.5,-2.6,100.0,-4.1,Lost E. Conf. Semis
794,PHI,1998-99,NBA,28,22,0.56,3rd of 7,2.56,88.6,-0.3,99.9,-2.3,97.6,-4.6,Lost E. Conf. Semis
795,PHI,1997-98,NBA,31,51,0.378,7th of 7,-1.89,90.4,0.1,102.8,-2.2,105.4,0.4,not_play
796,PHI,1996-97,NBA,22,60,0.268,6th of 7,-5.89,95.3,5.2,104.6,-2.1,111.4,4.7,not_play
797,PHI,1995-96,NBA,18,64,0.22,7th of 7,-9.45,92.2,0.4,102.2,-5.4,113.0,5.4,not_play
798,PHI,1994-95,NBA,24,58,0.293,6th of 7,-5.06,91.0,-1.9,104.1,-4.2,109.7,1.4,not_play
799,PHI,1993-94,NBA,25,57,0.305,6th of 7,-7.37,95.7,0.6,101.7,-4.6,109.7,3.4,not_play
800,PHI,1992-93,NBA,26,56,0.317,6th of 7,-5.25,98.5,1.7,104.6,-3.4,110.4,2.4,not_play
801,PHI,1991-92,NBA,35,47,0.427,5th of 7,-1.34,93.7,-2.9,108.3,0.1,109.7,1.5,not_play
802,PHI,1990-91,NBA,44,38,0.537,2nd of 6,-0.39,95.7,-2.1,107.9,0.0,108.1,0.2,Lost E. Conf. Semis
803,PHI,1989-90,NBA,53,29,0.646,1st of 6,4.23,96.5,-1.8,113.5,5.4,108.4,0.3,Lost E. Conf. Semis
804,PHI,1988-89,NBA,46,36,0.561,2nd of 6,1.68,98.5,-2.1,113.0,5.2,111.5,3.7,Lost E. Conf. 1st Rnd.
805,PHI,1987-88,NBA,36,46,0.439,4th of 5,-0.79,96.0,-3.6,108.8,0.8,110.3,2.3,not_play
806,PHI,1986-87,NBA,45,37,0.549,2nd of 5,0.11,97.3,-3.5,108.3,0.0,108.5,0.2,Lost E. Conf. 1st Rnd.
807,PHI,1985-86,NBA,54,28,0.659,2nd of 5,2.46,100.5,-1.6,108.6,1.4,106.3,-0.9,Lost E. Conf. Semis
808,PHO,2021-22,NBA,64,18,0.78,1st of 5,6.94,99.8,1.6,114.8,2.8,107.3,-4.7,Lost W. Conf. Semis
809,PHO,2020-21,NBA,51,21,0.708,1st of 5,5.67,97.2,-2.0,117.2,4.9,111.3,-1.0,Lost Finals
810,PHO,2019-20,NBA,34,39,0.466,3rd of 5,0.56,101.3,1.0,111.7,1.1,111.4,0.8,not_play
811,PHO,2018-19,NBA,19,63,0.232,5th of 5,-8.61,100.5,0.5,105.9,-4.5,115.1,4.7,not_play
812,PHO,2017-18,NBA,21,61,0.256,5th of 5,-8.8,100.3,3.0,103.5,-5.1,112.8,4.2,not_play
813,PHO,2016-17,NBA,24,58,0.293,5th of 5,-5.14,100.3,3.9,106.6,-2.2,112.2,3.4,not_play
814,PHO,2015-16,NBA,23,59,0.28,4th of 5,-6.32,98.5,2.7,102.2,-4.2,109.0,2.6,not_play
815,PHO,2014-15,NBA,39,43,0.476,3rd of 5,-0.38,96.3,2.4,105.3,-0.3,106.2,0.6,not_play
816,PHO,2013-14,NBA,48,34,0.585,3rd of 5,3.02,95.8,1.9,109.5,2.8,106.7,0.0,not_play
817,PHO,2012-13,NBA,25,57,0.305,5th of 5,-5.75,93.4,1.4,101.2,-4.7,108.1,2.2,not_play
818,PHO,2011-12,NBA,33,33,0.5,3rd of 5,0.29,92.6,1.3,106.2,1.6,106.5,1.9,not_play
819,PHO,2010-11,NBA,40,42,0.488,2nd of 5,-0.46,94.4,2.3,109.5,2.2,110.4,3.1,not_play
820,PHO,2009-10,NBA,54,28,0.659,2nd of 5,4.67,95.3,2.6,115.3,7.7,110.2,2.6,Lost W. Conf. Finals
821,PHO,2008-09,NBA,46,36,0.561,2nd of 5,1.62,96.0,4.3,113.6,5.3,111.6,3.3,not_play
822,PHO,2007-08,NBA,55,27,0.671,2nd of 5,5.14,96.7,4.3,113.3,5.8,108.1,0.6,Lost W. Conf. 1st Rnd.
823,PHO,2006-07,NBA,61,21,0.744,1st of 5,7.28,95.6,3.7,113.9,7.4,106.4,-0.1,Lost W. Conf. Semis
824,PHO,2005-06,NBA,54,28,0.659,1st of 5,5.48,95.8,5.3,111.5,5.3,105.8,-0.4,Lost W. Conf. Finals
825,PHO,2004-05,NBA,62,20,0.756,1st of 5,7.08,95.9,5.0,114.5,8.4,107.1,1.0,Lost W. Conf. Finals
826,PHO,2003-04,NBA,29,53,0.354,6th of 7,-2.94,92.6,2.5,101.4,-1.5,105.5,2.6,not_play
827,PHO,2002-03,NBA,44,38,0.537,4th of 7,1.57,91.5,0.5,103.7,0.1,102.5,-1.1,Lost W. Conf. 1st Rnd.
828,PHO,2001-02,NBA,36,46,0.439,6th of 7,-0.3,91.4,0.7,103.3,-1.2,104.0,-0.5,not_play
829,PHO,2000-01,NBA,51,31,0.622,3rd of 7,2.63,93.1,1.8,100.3,-2.7,98.0,-5.0,Lost W. Conf. 1st Rnd.
830,PHO,1999-00,NBA,53,29,0.646,3rd of 7,5.24,94.0,0.9,104.6,0.5,99.0,-5.1,Lost W. Conf. Semis
831,PHO,1998-99,NBA,27,23,0.54,3rd of 7,2.15,90.0,1.1,105.8,3.6,103.3,1.1,Lost W. Conf. 1st Rnd.
832,PHO,1997-98,NBA,56,26,0.683,3rd of 7,4.44,91.4,1.1,107.4,2.4,101.8,-3.2,Lost W. Conf. 1st Rnd.
833,PHO,1996-97,NBA,40,42,0.488,4th of 7,0.21,93.2,3.1,109.3,2.6,108.6,1.9,Lost W. Conf. 1st Rnd.
834,PHO,1995-96,NBA,41,41,0.5,4th of 7,0.28,93.2,1.4,110.3,2.7,110.0,2.4,Lost W. Conf. 1st Rnd.
835,PHO,1994-95,NBA,59,23,0.72,1st of 7,3.86,95.9,3.0,114.5,6.2,110.4,2.1,Lost W. Conf. Semis
836,PHO,1993-94,NBA,56,26,0.683,2nd of 7,4.68,96.7,1.6,111.7,5.4,106.8,0.5,Lost W. Conf. Semis
837,PHO,1992-93,NBA,62,20,0.756,1st of 7,6.27,99.8,3.0,113.3,5.3,106.7,-1.3,Lost Finals
838,PHO,1991-92,NBA,53,29,0.646,3rd of 7,5.68,99.4,2.8,112.1,3.9,106.2,-2.0,Lost W. Conf. Semis
839,PHO,1990-91,NBA,55,27,0.671,3rd of 7,6.49,101.0,3.2,112.6,4.7,106.1,-1.8,Lost W. Conf. 1st Rnd.
840,PHO,1989-90,NBA,54,28,0.659,3rd of 7,7.09,100.7,2.4,113.1,5.0,106.2,-1.9,Lost W. Conf. Finals
841,PHO,1988-89,NBA,55,27,0.671,2nd of 7,6.84,104.5,3.9,113.1,5.3,105.7,-2.1,Lost W. Conf. Finals
842,PHO,1987-88,NBA,28,54,0.341,4th of 6,-4.8,101.2,1.6,107.0,-1.0,111.4,3.4,not_play
843,PHO,1986-87,NBA,36,46,0.439,5th of 6,-2.63,102.0,1.2,108.0,-0.3,110.3,2.0,not_play
844,PHO,1985-86,NBA,32,50,0.39,3rd of 6,-3.16,104.8,2.7,104.3,-2.9,107.2,0.0,not_play
845,POR,2021-22,NBA,27,55,0.329,4th of 5,-8.55,98.3,0.1,107.8,-4.2,116.9,4.9,not_play
846,POR,2020-21,NBA,42,30,0.583,3rd of 5,1.81,98.4,-0.8,117.8,5.5,116.0,3.7,Lost W. Conf. 1st Rnd.
847,POR,2019-20,NBA,35,39,0.473,4th of 5,-0.61,100.7,0.4,113.7,3.1,114.8,4.2,Lost W. Conf. 1st Rnd.
848,POR,2018-19,NBA,53,29,0.646,2nd of 5,4.43,99.1,-0.9,114.7,4.3,110.5,0.1,Lost W. Conf. Finals
849,POR,2017-18,NBA,49,33,0.598,1st of 5,2.6,96.5,-0.8,109.1,0.5,106.4,-2.2,Lost W. Conf. 1st Rnd.
850,POR,2016-17,NBA,41,41,0.5,3rd of 5,-0.23,96.7,0.3,110.3,1.5,110.8,2.0,Lost W. Conf. 1st Rnd.
851,POR,2015-16,NBA,44,38,0.537,2nd of 5,0.98,96.0,0.2,108.8,2.4,108.0,1.6,Lost W. Conf. Semis
852,POR,2014-15,NBA,51,31,0.622,1st of 5,4.41,94.2,0.3,108.2,2.6,103.7,-1.9,Lost W. Conf. 1st Rnd.
853,POR,2013-14,NBA,54,28,0.659,2nd of 5,4.44,94.9,1.0,111.5,4.8,107.4,0.7,Lost W. Conf. Semis
854,POR,2012-13,NBA,33,49,0.402,4th of 5,-2.53,91.4,-0.6,105.8,-0.1,109.2,3.3,not_play
855,POR,2011-12,NBA,28,38,0.424,4th of 5,-0.22,91.2,-0.1,105.7,1.1,106.4,1.8,not_play
856,POR,2010-11,NBA,48,34,0.585,3rd of 5,1.85,87.9,-4.2,108.8,1.5,107.1,-0.2,Lost W. Conf. 1st Rnd.
857,POR,2009-10,NBA,50,32,0.61,3rd of 5,3.18,87.7,-5.0,110.8,3.2,107.1,-0.5,Lost W. Conf. 1st Rnd.
858,POR,2008-09,NBA,54,28,0.659,2nd of 5,5.0,86.6,-5.1,113.9,5.6,107.8,-0.5,Lost W. Conf. 1st Rnd.
859,POR,2007-08,NBA,41,41,0.5,3rd of 5,-0.52,87.9,-4.5,107.3,-0.2,108.4,0.9,not_play
860,POR,2006-07,NBA,32,50,0.39,3rd of 5,-3.78,88.3,-3.6,105.1,-1.4,109.9,3.4,not_play
861,POR,2005-06,NBA,21,61,0.256,5th of 5,-8.91,87.6,-2.9,101.1,-5.1,111.9,5.7,not_play
862,POR,2004-05,NBA,27,55,0.329,4th of 5,-3.45,89.8,-1.1,103.2,-2.9,107.7,1.6,not_play
863,POR,2003-04,NBA,41,41,0.5,3rd of 7,-0.58,86.2,-3.9,103.7,0.8,105.1,2.2,not_play
864,POR,2002-03,NBA,50,32,0.61,3rd of 7,2.97,89.4,-1.6,105.5,1.9,102.6,-1.0,Lost W. Conf. 1st Rnd.
865,POR,2001-02,NBA,49,33,0.598,3rd of 7,3.21,89.3,-1.4,107.4,2.9,104.0,-0.5,Lost W. Conf. 1st Rnd.
866,POR,2000-01,NBA,50,32,0.61,4th of 7,4.52,89.1,-2.2,106.5,3.5,101.8,-1.2,Lost W. Conf. 1st Rnd.
867,POR,1999-00,NBA,59,23,0.72,2nd of 7,6.36,89.9,-3.2,107.9,3.8,100.8,-3.3,Lost W. Conf. Finals
868,POR,1998-99,NBA,35,15,0.7,1st of 7,5.67,89.2,0.3,104.8,2.6,97.7,-4.5,Lost W. Conf. Finals
869,POR,1997-98,NBA,46,36,0.561,4th of 7,0.83,90.0,-0.3,104.0,-1.0,102.4,-2.6,Lost W. Conf. 1st Rnd.
870,POR,1996-97,NBA,49,33,0.598,3rd of 7,3.56,90.9,0.8,107.9,1.2,103.3,-3.4,Lost W. Conf. 1st Rnd.
871,POR,1995-96,NBA,44,38,0.537,3rd of 7,2.21,92.6,0.8,106.0,-1.6,103.5,-4.1,Lost W. Conf. 1st Rnd.
872,POR,1994-95,NBA,44,38,0.537,4th of 7,3.8,93.8,0.9,109.7,1.4,105.7,-2.6,Lost W. Conf. 1st Rnd.
873,POR,1993-94,NBA,47,35,0.573,4th of 7,2.6,98.8,3.7,108.1,1.8,105.5,-0.8,Lost W. Conf. 1st Rnd.
874,POR,1992-93,NBA,51,31,0.622,3rd of 7,2.92,99.1,2.3,108.3,0.3,105.2,-2.8,Lost W. Conf. 1st Rnd.
875,POR,1991-92,NBA,57,25,0.695,1st of 7,6.94,99.0,2.4,111.4,3.2,104.2,-4.0,Lost Finals
876,POR,1990-91,NBA,63,19,0.768,1st of 7,8.47,100.5,2.7,112.8,4.9,104.3,-3.6,Lost W. Conf. Finals
877,POR,1989-90,NBA,59,23,0.72,2nd of 7,6.48,102.3,4.0,110.5,2.4,104.4,-3.7,Lost Finals
878,POR,1988-89,NBA,39,43,0.476,5th of 7,0.92,103.9,3.3,109.4,1.6,108.0,0.2,Lost W. Conf. 1st Rnd.
879,POR,1987-88,NBA,53,29,0.646,2nd of 6,3.59,103.6,4.0,111.8,3.8,107.4,-0.6,Lost W. Conf. 1st Rnd.
880,POR,1986-87,NBA,49,33,0.598,2nd of 6,2.57,105.0,4.2,111.5,3.2,108.6,0.3,Lost W. Conf. 1st Rnd.
881,POR,1985-86,NBA,40,42,0.488,2nd of 6,0.61,104.5,2.4,109.2,2.0,108.2,1.0,Lost W. Conf. 1st Rnd.
882,SAC,2021-22,NBA,30,52,0.366,5th of 5,-5.26,99.8,1.6,109.9,-2.1,115.3,3.3,not_play
883,SAC,2020-21,NBA,31,41,0.431,5th of 5,-3.45,100.0,0.8,113.6,1.3,117.2,4.9,not_play
884,SAC,2019-20,NBA,31,41,0.431,4th of 5,-1.59,98.9,-1.4,110.2,-0.4,112.2,1.6,not_play
885,SAC,2018-19,NBA,39,43,0.476,3rd of 5,-0.81,103.1,3.1,110.4,0.0,111.5,1.1,not_play
886,SAC,2017-18,NBA,27,55,0.329,4th of 5,-6.6,94.9,-2.4,103.7,-4.9,111.1,2.5,not_play
887,SAC,2016-17,NBA,32,50,0.39,3rd of 5,-3.29,94.9,-1.5,107.3,-1.5,111.3,2.5,not_play
888,SAC,2015-16,NBA,33,49,0.402,3rd of 5,-2.32,100.0,4.2,106.0,-0.4,108.4,2.0,not_play
889,SAC,2014-15,NBA,29,53,0.354,4th of 5,-3.07,95.4,1.5,105.3,-0.3,109.2,3.6,not_play
890,SAC,2013-14,NBA,28,54,0.341,4th of 5,-2.08,94.4,0.5,105.7,-1.0,108.8,2.1,not_play
891,SAC,2012-13,NBA,28,54,0.341,4th of 5,-4.26,93.6,1.6,106.2,0.3,111.4,5.5,not_play
892,SAC,2011-12,NBA,22,44,0.333,5th of 5,-4.95,94.7,3.4,103.8,-0.8,109.8,5.2,not_play
893,SAC,2010-11,NBA,24,58,0.293,5th of 5,-4.8,95.2,3.1,103.5,-3.8,109.0,1.7,not_play
894,SAC,2009-10,NBA,25,57,0.305,5th of 5,-4.06,94.0,1.3,105.3,-2.3,109.9,2.3,not_play
895,SAC,2008-09,NBA,17,65,0.207,5th of 5,-8.6,94.2,2.5,105.5,-2.8,114.7,6.4,not_play
896,SAC,2007-08,NBA,38,44,0.463,4th of 5,-1.86,94.7,2.3,107.5,0.0,109.9,2.4,not_play
897,SAC,2006-07,NBA,33,49,0.402,5th of 5,-1.35,94.8,2.9,106.2,-0.3,108.0,1.5,not_play
898,SAC,2005-06,NBA,44,38,0.537,4th of 5,1.61,91.9,1.4,106.7,0.5,105.0,-1.2,Lost W. Conf. 1st Rnd.
899,SAC,2004-05,NBA,50,32,0.61,2nd of 5,2.56,93.0,2.1,110.5,4.4,108.2,2.1,Lost W. Conf. 1st Rnd.
900,SAC,2003-04,NBA,55,27,0.671,2nd of 7,5.41,92.8,2.7,110.3,7.4,104.9,2.0,Lost W. Conf. Semis
901,SAC,2002-03,NBA,59,23,0.72,1st of 7,6.68,95.4,4.4,105.9,2.3,99.1,-4.5,Lost W. Conf. Semis
902,SAC,2001-02,NBA,61,21,0.744,1st of 7,7.61,95.6,4.9,109.0,4.5,101.1,-3.4,Lost W. Conf. Finals
903,SAC,2000-01,NBA,55,27,0.671,2nd of 7,6.07,94.4,3.1,105.6,2.6,99.6,-3.4,Lost W. Conf. Semis
904,SAC,1999-00,NBA,44,38,0.537,5th of 7,3.04,99.3,6.2,105.0,0.9,102.1,-2.0,Lost W. Conf. 1st Rnd.
905,SAC,1998-99,NBA,27,23,0.54,4th of 7,-0.89,96.0,7.1,102.7,0.5,103.1,0.9,Lost W. Conf. 1st Rnd.
906,SAC,1997-98,NBA,27,55,0.329,5th of 7,-5.83,92.1,1.8,100.8,-4.2,106.9,1.9,not_play
907,SAC,1996-97,NBA,34,48,0.415,6th of 7,-3.64,91.0,0.9,105.0,-1.7,108.7,2.0,not_play
908,SAC,1995-96,NBA,39,43,0.476,5th of 7,-2.62,93.4,1.6,106.2,-1.4,109.1,1.5,Lost W. Conf. 1st Rnd.
909,SAC,1994-95,NBA,39,43,0.476,5th of 7,-0.74,92.3,-0.6,105.5,-2.8,106.5,-1.8,not_play
910,SAC,1993-94,NBA,28,54,0.341,6th of 7,-5.32,97.5,2.4,103.3,-3.0,109.2,2.9,not_play
911,SAC,1992-93,NBA,25,57,0.305,7th of 7,-3.0,100.8,4.0,106.5,-1.5,109.6,1.6,not_play
912,SAC,1991-92,NBA,29,53,0.354,7th of 7,-5.63,99.6,3.0,103.9,-4.3,109.9,1.7,not_play
913,SAC,1990-91,NBA,25,57,0.305,7th of 7,-6.27,94.7,-3.1,102.0,-5.9,109.1,1.2,not_play
914,SAC,1989-90,NBA,23,59,0.28,7th of 7,-4.41,96.7,-1.6,104.8,-3.3,110.0,1.9,not_play
915,SAC,1988-89,NBA,27,55,0.329,6th of 7,-5.35,100.5,-0.1,104.5,-3.3,110.0,2.2,not_play
916,SAC,1987-88,NBA,24,58,0.293,6th of 6,-5.84,100.9,1.3,106.5,-1.5,112.1,4.1,not_play
917,SAC,1986-87,NBA,29,53,0.354,5th of 6,-3.34,101.3,0.5,108.9,0.6,112.1,3.8,not_play
918,SAC,1985-86,NBA,37,45,0.451,5th of 6,-3.19,102.0,-0.1,106.2,-1.0,109.2,2.0,Lost W. Conf. 1st Rnd.
919,SAS,2021-22,NBA,34,48,0.415,4th of 5,0.02,100.0,1.8,112.4,0.4,112.3,0.3,not_play
920,SAS,2020-21,NBA,33,39,0.458,3rd of 5,-1.58,98.9,-0.3,111.0,-1.3,112.8,0.5,not_play
921,SAS,2019-20,NBA,32,39,0.451,4th of 5,-0.65,100.5,0.2,112.4,1.8,113.5,2.9,not_play
922,SAS,2018-19,NBA,48,34,0.585,2nd of 5,1.8,98.3,-1.7,112.9,2.5,111.2,0.8,Lost W. Conf. 1st Rnd.
923,SAS,2017-18,NBA,47,35,0.573,3rd of 5,2.89,95.0,-2.3,107.9,-0.7,104.8,-3.8,Lost W. Conf. 1st Rnd.
924,SAS,2016-17,NBA,61,21,0.744,1st of 5,7.13,94.2,-2.2,111.1,2.3,103.5,-5.3,Lost W. Conf. Finals
925,SAS,2015-16,NBA,67,15,0.817,1st of 5,10.28,93.8,-2.0,110.3,3.9,99.0,-7.4,Lost W. Conf. Semis
926,SAS,2014-15,NBA,55,27,0.671,3rd of 5,6.34,93.8,-0.1,108.5,2.9,102.0,-3.6,Lost W. Conf. 1st Rnd.
927,SAS,2013-14,NBA,62,20,0.756,1st of 5,8.0,95.0,1.1,110.5,3.8,102.4,-4.3,Won Finals
928,SAS,2012-13,NBA,58,24,0.707,1st of 5,6.67,94.2,2.2,108.3,2.4,101.6,-4.3,Lost Finals
929,SAS,2011-12,NBA,50,16,0.758,1st of 5,7.28,92.9,1.6,110.9,6.3,103.2,-1.4,Lost W. Conf. Finals
930,SAS,2010-11,NBA,61,21,0.744,1st of 5,5.86,92.3,0.2,111.8,4.5,105.6,-1.7,Lost W. Conf. 1st Rnd.
931,SAS,2009-10,NBA,50,32,0.61,2nd of 5,5.07,91.7,-1.0,110.0,2.4,104.5,-3.1,Lost W. Conf. Semis
932,SAS,2008-09,NBA,54,28,0.659,1st of 5,3.36,88.4,-3.3,108.5,0.2,104.3,-4.0,Lost W. Conf. 1st Rnd.
933,SAS,2007-08,NBA,56,26,0.683,2nd of 5,5.1,88.8,-3.6,107.2,-0.3,101.8,-5.7,Lost W. Conf. Finals
934,SAS,2006-07,NBA,58,24,0.707,2nd of 5,8.35,89.8,-2.1,109.2,2.7,99.9,-6.6,Won Finals
935,SAS,2005-06,NBA,63,19,0.768,1st of 5,6.69,88.5,-2.0,107.3,1.1,99.6,-6.6,Lost W. Conf. Semis
936,SAS,2004-05,NBA,59,23,0.72,1st of 5,7.84,88.9,-2.0,107.5,1.4,98.8,-7.3,Won Finals
937,SAS,2003-04,NBA,57,25,0.695,2nd of 7,7.51,89.2,-0.9,102.2,-0.7,94.1,-8.8,Lost W. Conf. Semis
938,SAS,2002-03,NBA,60,22,0.732,1st of 7,5.65,90.0,-1.0,105.6,2.0,99.7,-3.9,Won Finals
939,SAS,2001-02,NBA,58,24,0.707,1st of 7,6.28,90.0,-0.7,106.5,2.0,99.7,-4.8,Lost W. Conf. Semis
940,SAS,2000-01,NBA,58,24,0.707,1st of 7,7.92,89.6,-1.7,106.6,3.6,98.0,-5.0,Lost W. Conf. Finals
941,SAS,1999-00,NBA,53,29,0.646,2nd of 7,5.92,90.8,-2.3,105.0,0.9,98.6,-5.5,Lost W. Conf. 1st Rnd.
942,SAS,1998-99,NBA,37,13,0.74,1st of 7,7.12,88.6,-0.3,104.0,1.8,95.0,-7.2,Won Finals
943,SAS,1997-98,NBA,56,26,0.683,2nd of 7,3.3,88.4,-1.9,103.8,-1.2,99.4,-5.6,Lost W. Conf. Semis
944,SAS,1996-97,NBA,20,62,0.244,6th of 7,-7.93,87.3,-2.8,103.3,-3.4,112.3,5.6,not_play
945,SAS,1995-96,NBA,59,23,0.72,1st of 7,5.98,93.3,1.5,110.2,2.6,103.5,-4.1,Lost W. Conf. Semis
946,SAS,1994-95,NBA,62,20,0.756,1st of 6,5.9,94.6,1.7,111.7,3.4,105.4,-2.9,Lost W. Conf. Finals
947,SAS,1993-94,NBA,55,27,0.671,2nd of 6,5.05,90.1,-5.0,110.4,4.1,104.6,-1.7,Lost W. Conf. 1st Rnd.
948,SAS,1992-93,NBA,49,33,0.598,2nd of 6,2.21,95.4,-1.4,109.6,1.6,106.8,-1.2,Lost W. Conf. Semis
949,SAS,1991-92,NBA,47,35,0.573,2nd of 6,2.81,96.2,-0.4,107.5,-0.7,104.1,-4.1,Lost W. Conf. 1st Rnd.
950,SAS,1990-91,NBA,55,27,0.671,1st of 7,4.3,98.6,0.8,107.8,-0.1,103.3,-4.6,Lost W. Conf. 1st Rnd.
951,SAS,1989-90,NBA,56,26,0.683,1st of 7,3.58,98.5,0.2,107.7,-0.4,104.2,-3.9,Lost W. Conf. Semis
952,SAS,1988-89,NBA,21,61,0.256,5th of 6,-7.45,104.1,3.5,100.9,-6.9,107.9,0.1,not_play
953,SAS,1987-88,NBA,31,51,0.378,5th of 6,-5.02,104.4,4.8,108.2,0.2,112.8,4.8,Lost W. Conf. 1st Rnd.
954,SAS,1986-87,NBA,28,54,0.341,6th of 6,-5.09,101.7,0.9,105.9,-2.4,110.8,2.5,not_play
955,SAS,1985-86,NBA,35,47,0.427,6th of 6,-2.06,103.8,1.7,106.5,-0.7,108.2,1.0,Lost W. Conf. 1st Rnd.
956,TOR,2021-22,NBA,48,34,0.585,3rd of 5,2.38,96.0,-2.2,112.9,0.9,110.5,-1.5,Lost E. Conf. 1st Rnd.
957,TOR,2020-21,NBA,27,45,0.375,5th of 5,-0.54,99.2,0.0,112.0,-0.3,112.5,0.2,not_play
958,TOR,2019-20,NBA,53,19,0.736,1st of 5,5.97,100.9,0.6,111.1,0.5,105.0,-5.6,Lost E. Conf. Semis
959,TOR,2018-19,NBA,58,24,0.707,1st of 5,5.49,100.2,0.2,113.1,2.7,107.1,-3.3,Won Finals
960,TOR,2017-18,NBA,59,23,0.72,1st of 5,7.29,97.4,0.1,113.8,5.2,105.9,-2.7,Lost E. Conf. Semis
961,TOR,2016-17,NBA,51,31,0.622,2nd of 5,3.65,94.7,-1.7,112.3,3.5,107.8,-1.0,Lost E. Conf. Semis
962,TOR,2015-16,NBA,56,26,0.683,1st of 5,4.08,92.9,-2.9,110.0,3.6,105.2,-1.2,Lost E. Conf. Finals
963,TOR,2014-15,NBA,49,33,0.598,1st of 5,2.45,92.8,-1.1,111.0,5.4,107.7,2.1,Lost E. Conf. 1st Rnd.
964,TOR,2013-14,NBA,48,34,0.585,1st of 5,2.55,91.8,-2.1,108.8,2.1,105.3,-1.4,Lost E. Conf. 1st Rnd.
965,TOR,2012-13,NBA,34,48,0.415,5th of 5,-1.96,90.4,-1.6,105.9,0.0,107.5,1.6,not_play
966,TOR,2011-12,NBA,23,43,0.348,4th of 5,-3.67,89.3,-2.0,100.8,-3.8,104.5,-0.1,not_play
967,TOR,2010-11,NBA,22,60,0.268,5th of 5,-6.28,92.9,0.8,106.1,-1.2,112.9,5.6,not_play
968,TOR,2009-10,NBA,40,42,0.488,2nd of 5,-1.83,93.1,0.4,111.3,3.7,113.2,5.6,not_play
969,TOR,2008-09,NBA,33,49,0.402,4th of 5,-2.54,92.0,0.3,107.0,-1.3,110.0,1.7,not_play
970,TOR,2007-08,NBA,41,41,0.5,2nd of 5,2.47,90.2,-2.2,110.2,2.7,107.0,-0.5,Lost E. Conf. 1st Rnd.
971,TOR,2006-07,NBA,47,35,0.573,1st of 5,0.61,92.6,0.7,107.0,0.5,106.0,-0.5,Lost E. Conf. 1st Rnd.
972,TOR,2005-06,NBA,27,55,0.329,4th of 5,-3.03,91.1,0.6,109.5,3.3,112.7,6.5,not_play
973,TOR,2004-05,NBA,33,49,0.402,4th of 5,-1.81,92.7,1.8,106.9,0.8,108.7,2.6,not_play
974,TOR,2003-04,NBA,33,49,0.402,6th of 8,-3.42,86.8,-3.3,97.0,-5.9,100.4,-2.5,not_play
975,TOR,2002-03,NBA,24,58,0.293,7th of 8,-6.1,89.9,-1.1,100.5,-3.1,107.0,3.4,not_play
976,TOR,2001-02,NBA,42,40,0.512,3rd of 8,-0.71,88.8,-1.9,102.6,-1.9,103.1,-1.4,Lost E. Conf. 1st Rnd.
977,TOR,2000-01,NBA,47,35,0.573,2nd of 8,1.69,90.9,-0.4,105.9,2.9,103.4,0.4,Lost E. Conf. Semis
978,TOR,1999-00,NBA,45,37,0.549,3rd of 8,-0.46,92.5,-0.6,104.7,0.6,104.9,0.8,Lost E. Conf. 1st Rnd.
979,TOR,1998-99,NBA,23,27,0.46,6th of 8,-1.32,88.8,-0.1,102.0,-0.2,103.9,1.7,not_play
980,TOR,1997-98,NBA,16,66,0.195,8th of 8,-8.33,92.6,2.3,101.2,-3.8,111.0,6.0,not_play
981,TOR,1996-97,NBA,30,52,0.366,8th of 8,-2.56,90.6,0.5,104.6,-2.1,108.0,1.3,not_play
982,TOR,1995-96,NBA,21,61,0.256,8th of 8,-7.2,93.2,1.4,103.8,-3.8,111.8,4.2,not_play
983,UTA,2021-22,NBA,49,33,0.598,1st of 5,5.67,97.1,-1.1,116.7,4.7,110.5,-1.5,Lost W. Conf. 1st Rnd.
984,UTA,2020-21,NBA,52,20,0.722,1st of 5,8.97,98.5,-0.7,117.6,5.3,108.3,-4.0,Lost W. Conf. Semis
985,UTA,2019-20,NBA,44,28,0.611,3rd of 5,2.52,98.6,-1.7,112.3,1.7,109.9,-0.7,Lost W. Conf. 1st Rnd.
986,UTA,2018-19,NBA,50,32,0.61,3rd of 5,5.28,100.3,0.3,110.9,0.5,105.7,-4.7,Lost W. Conf. 1st Rnd.
987,UTA,2017-18,NBA,48,34,0.585,3rd of 5,4.47,95.7,-1.6,108.4,-0.2,103.9,-4.7,Lost W. Conf. Semis
988,UTA,2016-17,NBA,51,31,0.622,1st of 5,4.0,91.6,-4.8,109.6,0.8,105.3,-3.5,Lost W. Conf. Semis
989,UTA,2015-16,NBA,40,42,0.488,3rd of 5,1.84,91.0,-4.8,105.9,-0.5,103.9,-2.5,not_play
990,UTA,2014-15,NBA,38,44,0.463,3rd of 5,0.71,90.4,-3.5,105.1,-0.5,104.9,-0.7,not_play
991,UTA,2013-14,NBA,25,57,0.305,5th of 5,-6.27,91.4,-2.5,103.5,-3.2,111.3,4.6,not_play
992,UTA,2012-13,NBA,43,39,0.524,3rd of 5,0.3,90.9,-1.1,106.7,0.8,106.8,0.9,not_play
993,UTA,2011-12,NBA,36,30,0.545,3rd of 5,0.92,91.4,0.1,106.8,2.2,106.1,1.5,Lost W. Conf. 1st Rnd.
994,UTA,2010-11,NBA,39,43,0.476,4th of 5,-1.44,91.0,-1.1,108.1,0.8,110.1,2.8,not_play
995,UTA,2009-10,NBA,53,29,0.646,2nd of 5,5.33,93.8,1.1,110.7,3.1,105.0,-2.6,Lost W. Conf. Semis
996,UTA,2008-09,NBA,48,34,0.585,3rd of 5,2.31,93.1,1.4,110.1,1.8,107.3,-1.0,Lost W. Conf. 1st Rnd.
997,UTA,2007-08,NBA,54,28,0.659,1st of 5,6.86,93.2,0.8,113.8,6.3,106.5,-1.0,Lost W. Conf. Semis
998,UTA,2006-07,NBA,51,31,0.622,1st of 5,3.06,91.6,-0.3,110.1,3.6,107.0,0.5,Lost W. Conf. Finals
999,UTA,2005-06,NBA,41,41,0.5,2nd of 5,-2.49,87.8,-2.7,104.1,-2.1,107.0,0.8,not_play
1000,UTA,2004-05,NBA,26,56,0.317,5th of 5,-3.74,88.4,-2.5,104.7,-1.4,109.5,3.4,not_play
1001,UTA,2003-04,NBA,42,40,0.512,7th of 7,-0.53,86.6,-3.5,101.9,-1.0,103.3,0.4,not_play
1002,UTA,2002-03,NBA,47,35,0.573,4th of 7,2.76,89.3,-1.7,105.5,1.9,102.8,-0.8,Lost W. Conf. 1st Rnd.
1003,UTA,2001-02,NBA,44,38,0.537,4th of 7,1.21,90.3,-0.4,105.6,1.1,104.6,0.1,Lost W. Conf. 1st Rnd.
1004,UTA,2000-01,NBA,53,29,0.646,2nd of 7,5.0,89.8,-1.5,107.6,4.6,102.4,-0.6,Lost W. Conf. 1st Rnd.
1005,UTA,1999-00,NBA,55,27,0.671,1st of 7,4.52,89.6,-3.5,107.3,3.2,102.3,-1.8,Lost W. Conf. Semis
1006,UTA,1998-99,NBA,37,13,0.74,2nd of 7,5.54,87.0,-1.9,105.8,3.6,98.4,-3.8,Lost W. Conf. Semis
1007,UTA,1997-98,NBA,62,20,0.756,1st of 7,5.73,89.2,-1.1,112.7,7.7,105.4,0.4,Lost Finals
1008,UTA,1996-97,NBA,64,18,0.78,1st of 7,7.97,90.0,-0.1,113.6,6.9,104.0,-2.7,Lost Finals
1009,UTA,1995-96,NBA,55,27,0.671,2nd of 7,6.25,90.0,-1.8,113.3,5.7,106.1,-1.5,Lost W. Conf. Finals
1010,UTA,1994-95,NBA,60,22,0.732,2nd of 6,7.76,92.6,-0.3,114.3,6.0,105.7,-2.6,Lost W. Conf. 1st Rnd.
1011,UTA,1993-94,NBA,53,29,0.646,3rd of 6,4.1,93.1,-2.0,108.6,2.3,104.1,-2.2,Lost W. Conf. Finals
1012,UTA,1992-93,NBA,47,35,0.573,3rd of 6,1.74,96.5,-0.3,109.6,1.6,107.4,-0.6,Lost W. Conf. 1st Rnd.
1013,UTA,1991-92,NBA,55,27,0.671,1st of 6,5.7,95.5,-1.1,112.2,4.0,105.6,-2.6,Lost W. Conf. Finals
1014,UTA,1990-91,NBA,54,28,0.659,2nd of 7,3.18,95.3,-2.5,108.6,0.7,105.1,-2.8,Lost W. Conf. Semis
1015,UTA,1989-90,NBA,55,27,0.671,2nd of 7,4.82,96.1,-2.2,110.3,2.2,105.4,-2.7,Lost W. Conf. 1st Rnd.
1016,UTA,1988-89,NBA,51,31,0.622,1st of 6,4.01,98.0,-2.6,106.6,-1.2,101.5,-6.3,Lost W. Conf. 1st Rnd.
1017,UTA,1987-88,NBA,47,35,0.573,3rd of 6,2.96,101.5,1.9,106.8,-1.2,103.1,-4.9,Lost W. Conf. Semis
1018,UTA,1986-87,NBA,44,38,0.537,2nd of 6,0.04,103.2,2.4,104.1,-4.2,103.7,-4.6,Lost W. Conf. 1st Rnd.
1019,UTA,1985-86,NBA,42,40,0.512,4th of 6,-0.67,103.3,1.2,104.2,-3.0,104.6,-2.6,Lost W. Conf. 1st Rnd.
1020,WAS,2021-22,NBA,35,47,0.427,4th of 5,-3.23,97.0,-1.2,111.1,-0.9,114.5,2.5,not_play
1021,WAS,2020-21,NBA,34,38,0.472,3rd of 5,-1.85,104.1,4.9,111.2,-1.1,113.0,0.7,Lost E. Conf. 1st Rnd.
1022,WAS,2019-20,NBA,25,47,0.347,4th of 5,-5.24,102.7,2.4,110.9,0.3,115.5,4.9,not_play
1023,WAS,2018-19,NBA,32,50,0.39,4th of 5,-3.3,101.4,1.4,111.1,0.7,113.9,3.5,not_play
1024,WAS,2017-18,NBA,43,39,0.524,2nd of 5,0.53,96.6,-0.7,109.3,0.7,108.7,0.1,Lost E. Conf. 1st Rnd.
1025,WAS,2016-17,NBA,49,33,0.598,1st of 5,1.36,97.4,1.0,111.2,2.4,109.3,0.5,Lost E. Conf. Semis
1026,WAS,2015-16,NBA,41,41,0.5,4th of 5,-0.5,98.5,2.7,105.3,-1.1,105.8,-0.6,not_play
1027,WAS,2014-15,NBA,46,36,0.561,2nd of 5,0.17,93.7,-0.2,103.7,-1.9,103.0,-2.6,Lost E. Conf. Semis
1028,WAS,2013-14,NBA,44,38,0.537,2nd of 5,0.48,93.2,-0.7,106.0,-0.7,104.6,-2.1,Lost E. Conf. Semis
1029,WAS,2012-13,NBA,29,53,0.354,3rd of 5,-2.78,92.2,0.2,100.2,-5.7,103.0,-2.9,not_play
1030,WAS,2011-12,NBA,20,46,0.303,4th of 5,-5.14,92.5,1.2,101.0,-3.6,106.2,1.6,not_play
1031,WAS,2010-11,NBA,23,59,0.28,5th of 5,-7.3,93.8,1.7,102.4,-4.9,110.2,2.9,not_play
1032,WAS,2009-10,NBA,26,56,0.317,5th of 5,-4.72,91.6,-1.1,104.2,-3.4,109.4,1.8,not_play
1033,WAS,2008-09,NBA,19,63,0.232,5th of 5,-6.98,91.0,-0.7,105.4,-2.9,113.6,5.3,not_play
1034,WAS,2007-08,NBA,43,39,0.524,2nd of 5,-0.61,89.5,-2.9,109.2,1.7,109.6,2.1,Lost E. Conf. 1st Rnd.
1035,WAS,2006-07,NBA,41,41,0.5,2nd of 5,-0.8,94.1,2.2,110.1,3.6,110.6,4.1,Lost E. Conf. 1st Rnd.
1036,WAS,2005-06,NBA,42,40,0.512,2nd of 5,1.57,92.3,1.8,109.3,3.1,107.3,1.1,Lost E. Conf. 1st Rnd.
1037,WAS,2004-05,NBA,45,37,0.549,2nd of 5,-0.71,93.3,2.4,107.2,1.1,107.5,1.4,Lost E. Conf. Semis
1038,WAS,2003-04,NBA,25,57,0.305,6th of 7,-6.12,92.2,2.1,98.8,-4.1,104.8,1.9,not_play
1039,WAS,2002-03,NBA,37,45,0.451,5th of 7,-1.47,88.2,-2.8,103.0,-0.6,104.1,0.5,not_play
1040,WAS,2001-02,NBA,37,45,0.451,5th of 7,-1.58,88.3,-2.4,104.8,0.3,106.4,1.9,not_play
1041,WAS,2000-01,NBA,19,63,0.232,7th of 7,-6.75,92.7,1.4,100.6,-2.4,107.8,4.8,not_play
1042,WAS,1999-00,NBA,29,53,0.354,7th of 7,-3.47,92.7,-0.4,103.5,-0.6,107.0,2.9,not_play
1043,WAS,1998-99,NBA,18,32,0.36,6th of 7,-1.75,89.8,0.9,101.2,-1.0,103.7,1.5,not_play
1044,WAS,1997-98,NBA,42,40,0.512,4th of 7,1.11,91.8,1.5,105.2,0.2,104.5,-0.5,not_play
1045,WAS,1996-97,NBA,44,38,0.537,4th of 7,1.77,92.4,2.3,106.6,-0.1,104.9,-1.8,Lost E. Conf. 1st Rnd.
1046,WAS,1995-96,NBA,39,43,0.476,4th of 7,0.99,93.7,1.9,108.7,1.1,107.6,0.0,not_play
1047,WAS,1994-95,NBA,21,61,0.256,7th of 7,-5.56,94.5,1.6,105.4,-2.9,111.3,3.0,not_play
1048,WAS,1993-94,NBA,24,58,0.293,7th of 7,-7.13,95.9,0.8,104.5,-1.8,112.2,5.9,not_play
1049,WAS,1992-93,NBA,22,60,0.268,7th of 7,-6.49,97.7,0.9,103.6,-4.4,110.8,2.8,not_play
1050,WAS,1991-92,NBA,25,57,0.305,6th of 7,-4.35,97.7,1.1,103.9,-4.3,108.4,0.2,not_play
1051,WAS,1990-91,NBA,30,52,0.366,4th of 6,-4.84,97.5,-0.3,103.0,-4.9,108.1,0.2,not_play
1052,WAS,1989-90,NBA,31,51,0.378,4th of 6,-2.43,99.4,1.1,107.5,-0.6,109.7,1.6,not_play
1053,WAS,1988-89,NBA,40,42,0.488,4th of 6,-1.77,100.8,0.2,106.4,-1.4,108.5,0.7,not_play
1054,WAS,1987-88,NBA,38,44,0.463,2nd of 5,-0.16,98.1,-1.5,106.5,-1.5,107.2,-0.8,Lost E. Conf. 1st Rnd.
1055,WAS,1986-87,NBA,42,40,0.512,3rd of 5,-1.02,100.2,-0.6,105.7,-2.6,107.0,-1.3,Lost E. Conf. 1st Rnd.
1056,WAS,1985-86,NBA,39,43,0.476,3rd of 5,-1.28,99.1,-3.0,103.0,-4.2,104.8,-2.4,Lost E. Conf. 1st Rnd.
