,NCAA_CHAMPION,CONSENSUS_AA,NCAA_ALL-REGION,HS_PARADE_AA,COLLEGE_URL
0,0.0,2.0,0.0,1.0,/players/mahmoud-abdul-rauf-1.html
1,0.0,0.0,0.0,1.0,/players/shareef-abdur-rahim-1.html
2,0.0,0.0,0.0,0.0,/players/michael-adams-1.html
3,0.0,0.0,0.0,0.0,/players/steven-adams-1.html
4,0.0,0.0,0.0,0.0,/players/edrice-adebayo-1.html
5,0.0,0.0,1.0,1.0,/players/lamarcus-aldridge-1.html
6,0.0,1.0,0.0,1.0,/players/courtney-alexander-1.html
7,0.0,0.0,0.0,0.0,/players/jarrett-allen-1.html
8,0.0,1.0,1.0,0.0,/players/ray-allen-1.html
9,0.0,0.0,1.0,0.0,/players/tony-allen-1.html
10,1.0,0.0,1.0,0.0,/players/derek-anderson-1.html
11,0.0,0.0,0.0,0.0,/players/greg-anderson-1.html
12,0.0,1.0,1.0,1.0,/players/kenny-anderson-1.html
13,0.0,0.0,0.0,0.0,/players/ryan-anderson-1.html
14,0.0,0.0,1.0,0.0,/players/shandon-anderson-1.html
15,0.0,0.0,0.0,0.0,/players/willie-anderson-1.html
16,0.0,0.0,0.0,0.0,/players/kostas-antetokounmpo-1.html
17,1.0,1.0,1.0,1.0,/players/carmelo-anthony-1.html
18,0.0,0.0,0.0,0.0,/players/joel-anthony-1.html
19,0.0,0.0,0.0,0.0,/players/og-anunoby-1.html
20,0.0,0.0,1.0,0.0,/players/gilbert-arenas-1.html
21,0.0,0.0,0.0,1.0,/players/trevor-ariza-1.html
22,0.0,0.0,1.0,0.0,/players/bj-armstrong-1.html
23,0.0,0.0,0.0,0.0,/players/chucky-atkins-1.html
24,1.0,1.0,2.0,0.0,/players/stacey-augmon-1.html
25,0.0,1.0,1.0,1.0,/players/dj-augustin-1.html
26,0.0,0.0,0.0,0.0,/players/isaac-austin-1.html
27,0.0,0.0,0.0,0.0,/players/jeff-pendergraph-1.html
28,0.0,1.0,0.0,0.0,/players/deandre-ayton-1.html
29,0.0,1.0,1.0,0.0,/players/marvin-bagleyiii-1.html
30,0.0,0.0,0.0,0.0,/players/vin-baker-1.html
31,0.0,1.0,0.0,0.0,/players/lonzo-ball-1.html
32,0.0,0.0,0.0,0.0,/players/desmond-bane-1.html
33,0.0,0.0,0.0,0.0,/players/jose-barea-1.html
34,0.0,0.0,1.0,1.0,/players/harrison-barnes-1.html
35,0.0,0.0,0.0,0.0,/players/matt-barnes-1.html
36,0.0,0.0,0.0,0.0,/players/scottie-barnes-1.html
37,0.0,0.0,0.0,0.0,/players/dana-barros-1.html
38,0.0,0.0,0.0,0.0,/players/brent-barry-1.html
39,1.0,2.0,2.0,1.0,/players/shane-battier-1.html
40,0.0,0.0,0.0,0.0,/players/aron-baynes-1.html
41,0.0,0.0,1.0,1.0,/players/bradley-beal-1.html
42,0.0,1.0,0.0,1.0,/players/michael-beasley-1.html
43,0.0,0.0,2.0,0.0,/players/william-bedford-1.html
44,0.0,0.0,1.0,0.0,/players/jordan-bell-1.html
45,0.0,0.0,0.0,0.0,/players/raja-bell-1.html
46,0.0,0.0,0.0,0.0,/players/patrick-beverley-1.html
47,0.0,0.0,0.0,0.0,/players/saddiq-bey-1.html
48,1.0,1.0,2.0,1.0,/players/mike-bibby-1.html
49,0.0,1.0,0.0,1.0,/players/chauncey-billups-1.html
50,0.0,1.0,1.0,0.0,/players/dejuan-blair-1.html
51,0.0,1.0,0.0,0.0,/players/mookie-blaylock-1.html
52,0.0,0.0,0.0,0.0,/players/eric-bledsoe-1.html
53,0.0,1.0,1.0,0.0,/players/andrew-bogut-1.html
54,0.0,0.0,0.0,1.0,/players/matt-bonner-1.html
55,0.0,0.0,0.0,0.0,/players/devin-booker-2.html
56,0.0,0.0,0.0,1.0,/players/keith-booth-1.html
57,1.0,0.0,0.0,1.0,/players/carlos-boozer-1.html
58,0.0,0.0,0.0,1.0,/players/chris-bosh-1.html
59,0.0,0.0,0.0,0.0,/players/chris-boucher-1.html
60,0.0,0.0,0.0,0.0,/players/bruce-bowen-1.html
61,0.0,0.0,0.0,1.0,/players/avery-bradley-1.html
62,0.0,0.0,0.0,1.0,/players/shawn-bradley-1.html
63,0.0,0.0,1.0,1.0,/players/adrian-branch-1.html
64,0.0,1.0,1.0,1.0,/players/elton-brand-1.html
65,0.0,0.0,0.0,0.0,/players/terrell-brandon-1.html
66,0.0,0.0,0.0,0.0,/players/tim-breaux-1.html
67,0.0,0.0,0.0,0.0,/players/jr-bremer-1.html
68,2.0,0.0,0.0,1.0,/players/corey-brewer-1.html
69,2.0,0.0,0.0,0.0,/players/mikal-bridges-1.html
70,0.0,2.0,0.0,0.0,/players/malcolm-brogdon-1.html
71,0.0,0.0,1.0,1.0,/players/aaron-brooks-1.html
72,0.0,0.0,0.0,0.0,/players/marshon-brooks-1.html
73,0.0,0.0,0.0,0.0,/players/scott-brooks-1.html
74,0.0,0.0,0.0,0.0,/players/chucky-brown-1.html
75,0.0,0.0,0.0,0.0,/players/dee-brown-1.html
76,0.0,0.0,0.0,0.0,/players/devin-brown-1.html
77,0.0,0.0,0.0,1.0,/players/jaylen-brown-1.html
78,0.0,0.0,0.0,0.0,/players/pj-brown-1.html
79,0.0,0.0,0.0,0.0,/players/randy-brown-1.html
80,0.0,0.0,1.0,1.0,/players/shannon-brown-1.html
81,0.0,0.0,0.0,0.0,/players/elijah-bryant-1.html
82,0.0,0.0,0.0,0.0,/players/jud-buechler-1.html
83,0.0,0.0,0.0,0.0,/players/matt-bullard-1.html
84,0.0,1.0,1.0,1.0,/players/trey-burke-1.html
85,0.0,0.0,0.0,0.0,/players/scott-burrell-1.html
86,0.0,0.0,1.0,0.0,/players/willie-burton-1.html
87,0.0,0.0,1.0,0.0,/players/caron-butler-1.html
88,0.0,0.0,0.0,0.0,/players/jimmy-butler-1.html
89,0.0,0.0,0.0,0.0,/players/devontae-cacok-1.html
90,0.0,0.0,0.0,0.0,/players/jason-caffey-1.html
91,0.0,0.0,0.0,0.0,/players/kentavious-caldwell-pope-1.html
92,0.0,1.0,1.0,1.0,/players/marcus-camby-1.html
93,0.0,0.0,0.0,0.0,/players/elden-campbell-1.html
94,0.0,0.0,1.0,0.0,/players/brian-cardinal-1.html
95,0.0,1.0,2.0,1.0,/players/vince-carter-1.html
96,0.0,0.0,1.0,0.0,/players/michael-carter-williams-1.html
97,0.0,0.0,0.0,0.0,/players/alex-caruso-1.html
98,0.0,0.0,0.0,0.0,/players/sam-cassell-1.html
99,0.0,1.0,1.0,0.0,/players/willie-cauley-stein-1.html
100,0.0,0.0,0.0,0.0,/players/cedric-ceballos-1.html
101,0.0,0.0,0.0,0.0,/players/john-celestand-1.html
102,1.0,0.0,1.0,1.0,/players/mario-chalmers-1.html
103,0.0,0.0,1.0,1.0,/players/rex-chapman-1.html
104,0.0,0.0,0.0,1.0,/players/pete-chilcutt-1.html
105,0.0,1.0,0.0,1.0,/players/josh-childress-1.html
106,0.0,0.0,0.0,0.0,/players/marquese-chriss-1.html
107,0.0,0.0,0.0,0.0,/players/doug-christie-1.html
108,0.0,0.0,0.0,0.0,/players/ian-clark-1.html
109,0.0,0.0,1.0,0.0,/players/brandon-clarke-1.html
110,0.0,0.0,0.0,0.0,/players/jordan-clarkson-1.html
111,0.0,0.0,0.0,0.0,/players/speedy-claxton-1.html
112,0.0,0.0,0.0,0.0,/players/norris-cole-1.html
113,0.0,1.0,1.0,0.0,/players/derrick-coleman-1.html
114,0.0,0.0,0.0,0.0,/players/john-collins-1.html
115,0.0,0.0,2.0,1.0,/players/darren-collison-1.html
116,0.0,0.0,1.0,1.0,/players/mike-conley-1.html
117,0.0,0.0,1.0,0.0,/players/pat-connaughton-1.html
118,1.0,0.0,0.0,0.0,/players/quinn-cook-1.html
119,0.0,1.0,1.0,1.0,/players/demarcus-cousins-1.html
120,0.0,0.0,0.0,0.0,/players/robert-covington-1.html
121,0.0,0.0,0.0,1.0,/players/jamal-crawford-1.html
122,0.0,1.0,0.0,0.0,/players/cade-cunningham-1.html
123,0.0,1.0,0.0,1.0,/players/dell-curry-1.html
124,0.0,2.0,1.0,0.0,/players/stephen-curry-1.html
125,0.0,0.0,0.0,0.0,/players/antonio-daniels-1.html
126,0.0,0.0,1.0,1.0,/players/marquis-daniels-1.html
127,0.0,1.0,2.0,1.0,/players/brad-daugherty-1.html
128,1.0,1.0,1.0,1.0,/players/anthony-davis-5.html
129,0.0,0.0,0.0,0.0,/players/antonio-davis-1.html
130,0.0,0.0,0.0,1.0,/players/baron-davis-1.html
131,0.0,0.0,0.0,0.0,/players/dale-davis-1.html
132,0.0,0.0,1.0,1.0,/players/glen-davis-1.html
133,0.0,0.0,0.0,0.0,/players/terence-davis-1.html
134,0.0,0.0,0.0,0.0,/players/austin-daye-1.html
135,0.0,0.0,0.0,1.0,/players/demar-derozan-1.html
136,0.0,0.0,1.0,1.0,/players/bison-dele-1.html
137,0.0,0.0,0.0,0.0,/players/matthew-dellavedova-1.html
138,0.0,0.0,1.0,0.0,/players/fennis-dembo-1.html
139,0.0,0.0,1.0,1.0,/players/luol-deng-1.html
140,2.0,0.0,0.0,0.0,/players/donte-divincenzo-1.html
141,1.0,0.0,1.0,0.0,/players/mamadi-diakite-1.html
142,1.0,0.0,0.0,0.0,/players/michael-dickerson-1.html
143,1.0,0.0,2.0,0.0,/players/gorgui-dieng-1.html
144,0.0,0.0,1.0,0.0,/players/michael-doleac-1.html
145,0.0,1.0,0.0,0.0,/players/ayo-dosunmu-1.html
146,0.0,1.0,2.0,0.0,/players/sherman-douglas-1.html
147,0.0,0.0,0.0,0.0,/players/andre-drummond-1.html
148,0.0,0.0,0.0,0.0,/players/chris-duarte-1.html
149,0.0,0.0,0.0,0.0,/players/kevin-duckworth-1.html
150,0.0,1.0,0.0,0.0,/players/jared-dudley-1.html
151,0.0,0.0,0.0,0.0,/players/joe-dumars-1.html
152,0.0,0.0,0.0,1.0,/players/richard-dumas-1.html
153,0.0,2.0,2.0,0.0,/players/tim-duncan-1.html
154,0.0,1.0,0.0,1.0,/players/kevin-durant-1.html
155,1.0,0.0,1.0,0.0,/players/tyus-edney-1.html
156,0.0,0.0,0.0,0.0,/players/anthony-edwards-2.html
157,0.0,0.0,0.0,0.0,/players/blue-edwards-1.html
158,0.0,0.0,0.0,0.0,/players/kevin-edwards-1.html
159,0.0,2.0,2.0,0.0,/players/sean-elliott-1.html
160,0.0,0.0,0.0,1.0,/players/laphonso-ellis-1.html
161,1.0,1.0,1.0,0.0,/players/pervis-ellison-1.html
162,0.0,0.0,0.0,0.0,/players/francisco-elson-1.html
163,0.0,0.0,0.0,1.0,/players/melvin-ely-1.html
164,0.0,0.0,0.0,0.0,/players/joel-embiid-1.html
165,0.0,0.0,1.0,1.0,/players/tyreke-evans-1.html
166,1.0,3.0,3.0,1.0,/players/patrick-ewing-1.html
167,0.0,0.0,0.0,0.0,/players/festus-ezeli-1.html
168,0.0,1.0,0.0,0.0,/players/kenneth-faried-1.html
169,0.0,0.0,1.0,1.0,/players/jordan-farmar-1.html
170,0.0,0.0,0.0,1.0,/players/derrick-favors-1.html
171,1.0,0.0,0.0,1.0,/players/raymond-felton-1.html
172,0.0,0.0,1.0,0.0,/players/kevin-ferrell-1.html
173,0.0,2.0,2.0,1.0,/players/danny-ferry-1.html
174,0.0,0.0,0.0,0.0,/players/landry-fields-1.html
175,0.0,0.0,0.0,0.0,/players/michael-finley-1.html
176,0.0,0.0,0.0,0.0,/players/derek-fisher-1.html
177,0.0,1.0,1.0,1.0,/players/marcus-fizer-1.html
178,0.0,0.0,1.0,1.0,/players/jonny-flynn-1.html
179,0.0,0.0,0.0,0.0,/players/bryn-forbes-1.html
180,0.0,1.0,1.0,1.0,/players/tj-ford-1.html
181,0.0,0.0,0.0,0.0,/players/greg-foster-1.html
182,0.0,0.0,0.0,1.0,/players/tremaine-fowlkes-1.html
183,0.0,0.0,1.0,0.0,/players/rick-fox-1.html
184,0.0,1.0,2.0,0.0,/players/randy-foye-1.html
185,0.0,1.0,0.0,0.0,/players/steve-francis-1.html
186,0.0,0.0,1.0,1.0,/players/channing-frye-1.html
187,0.0,0.0,0.0,0.0,/players/langston-galloway-1.html
188,0.0,0.0,0.0,0.0,/players/darius-garland-1.html
189,0.0,0.0,0.0,0.0,/players/chris-gatling-1.html
190,0.0,1.0,1.0,1.0,/players/rudy-gay-1.html
191,0.0,0.0,1.0,0.0,/players/andrew-gaze-1.html
192,0.0,0.0,0.0,0.0,/players/paul-george-1.html
193,0.0,0.0,0.0,0.0,/players/taj-gibson-1.html
194,0.0,0.0,0.0,0.0,/players/shai-gilgeous-alexander-1.html
195,0.0,1.0,1.0,0.0,/players/kendall-gill-1.html
196,0.0,1.0,1.0,0.0,/players/armen-gilliam-1.html
197,0.0,1.0,0.0,0.0,/players/ryan-gomes-1.html
198,0.0,1.0,1.0,1.0,/players/drew-gooden-1.html
199,1.0,0.0,1.0,0.0,/players/ben-gordon-1.html
200,0.0,0.0,0.0,1.0,/players/eric-gordon-1.html
201,0.0,0.0,0.0,0.0,/players/danny-granger-1.html
202,0.0,0.0,0.0,0.0,/players/brian-grant-1.html
203,0.0,1.0,0.0,0.0,/players/horace-grant-1.html
204,0.0,0.0,0.0,0.0,/players/ac-green-1.html
205,1.0,0.0,1.0,1.0,/players/danny-green-1.html
206,0.0,1.0,2.0,1.0,/players/draymond-green-1.html
207,0.0,0.0,1.0,0.0,/players/jeff-green-1.html
208,0.0,1.0,1.0,1.0,/players/blake-griffin-1.html
209,0.0,0.0,0.0,1.0,/players/eddie-griffin-1.html
210,0.0,0.0,0.0,0.0,/players/tom-gugliotta-1.html
211,0.0,1.0,1.0,0.0,/players/rui-hachimura-1.html
212,0.0,0.0,0.0,0.0,/players/jack-haley-1.html
213,0.0,0.0,0.0,0.0,/players/tyrese-haliburton-1.html
214,0.0,0.0,0.0,0.0,/players/darvin-ham-1.html
215,1.0,2.0,2.0,1.0,/players/richard-hamilton-1.html
216,0.0,1.0,1.0,1.0,/players/anfernee-hardaway-1.html
217,0.0,0.0,0.0,0.0,/players/tim-hardaway-1.html
218,0.0,0.0,0.0,0.0,/players/tim-hardaway-jr-1.html
219,0.0,1.0,0.0,1.0,/players/james-harden-1.html
220,0.0,1.0,0.0,0.0,/players/ron-harper-1.html
221,0.0,0.0,0.0,0.0,/players/matt-harpring-1.html
222,1.0,0.0,1.0,0.0,/players/montrezl-harrell-1.html
223,0.0,1.0,0.0,0.0,/players/devin-harris-1.html
224,0.0,0.0,0.0,0.0,/players/terrel-harris-1.html
225,0.0,0.0,1.0,0.0,/players/udonis-haslem-1.html
226,0.0,1.0,0.0,0.0,/players/hersey-hawkins-1.html
227,0.0,0.0,0.0,0.0,/players/jarvis-hayes-1.html
228,0.0,0.0,1.0,0.0,/players/gordon-hayward-1.html
229,0.0,0.0,0.0,1.0,/players/brendan-haywood-1.html
230,0.0,1.0,1.0,0.0,/players/luther-head-1.html
231,0.0,0.0,1.0,1.0,/players/alan-henderson-1.html
232,0.0,0.0,0.0,1.0,/players/cedric-henderson-2.html
233,0.0,0.0,0.0,0.0,/players/carl-herrera-1.html
234,0.0,0.0,1.0,0.0,/players/tyler-herro-1.html
235,0.0,1.0,1.0,0.0,/players/roy-hibbert-1.html
236,0.0,1.0,1.0,0.0,/players/buddy-hield-1.html
237,2.0,2.0,1.0,1.0,/players/grant-hill-1.html
238,0.0,0.0,0.0,0.0,/players/tyrone-hill-1.html
239,0.0,0.0,1.0,0.0,/players/kirk-hinrich-1.html
240,0.0,0.0,0.0,1.0,/players/jrue-holiday-1.html
241,0.0,0.0,0.0,0.0,/players/justin-holiday-1.html
242,0.0,1.0,0.0,0.0,/players/dennis-hopson-1.html
243,2.0,0.0,1.0,0.0,/players/al-horford-1.html
244,0.0,0.0,0.0,0.0,/players/jeff-hornacek-1.html
245,0.0,0.0,0.0,1.0,/players/robert-horry-1.html
246,0.0,0.0,0.0,0.0,/players/talen-horton-tucker-1.html
247,0.0,0.0,0.0,0.0,/players/eddie-house-1.html
248,0.0,0.0,0.0,1.0,/players/allan-houston-1.html
249,0.0,1.0,0.0,0.0,/players/josh-howard-1.html
250,0.0,0.0,2.0,1.0,/players/juwan-howard-1.html
251,0.0,0.0,0.0,0.0,/players/kevin-huerter-1.html
252,0.0,0.0,0.0,1.0,/players/larry-hughes-1.html
253,0.0,0.0,0.0,0.0,/players/lindsey-hunter-1.html
254,0.0,0.0,0.0,0.0,/players/nahshon-hyland-1.html
255,0.0,0.0,0.0,1.0,/players/andre-iguodala-1.html
256,0.0,0.0,1.0,1.0,/players/brandon-ingram-1.html
257,0.0,0.0,1.0,1.0,/players/kyrie-irving-1.html
258,0.0,1.0,2.0,1.0,/players/allen-iverson-1.html
259,0.0,1.0,1.0,0.0,/players/bobby-jackson-1.html
260,0.0,0.0,0.0,0.0,/players/jaren-jackson-1.html
261,0.0,0.0,0.0,0.0,/players/jaren-jacksonjr-1.html
262,0.0,0.0,1.0,0.0,/players/josh-jackson-2.html
263,1.0,1.0,1.0,1.0,/players/justin-jackson-4.html
264,0.0,0.0,0.0,0.0,/players/marc-jackson-1.html
265,0.0,1.0,0.0,0.0,/players/mark-jackson-1.html
266,0.0,0.0,0.0,1.0,/players/damion-james-1.html
267,0.0,0.0,0.0,0.0,/players/mike-james-1.html
268,0.0,2.0,2.0,0.0,/players/antawn-jamison-1.html
269,0.0,0.0,1.0,1.0,/players/richard-jefferson-1.html
270,0.0,0.0,0.0,1.0,/players/chris-jent-1.html
271,0.0,0.0,0.0,0.0,/players/avery-johnson-1.html
272,0.0,0.0,0.0,0.0,/players/joe-johnson-1.html
273,0.0,0.0,0.0,0.0,/players/kevin-johnson-1.html
274,1.0,2.0,2.0,1.0,/players/larry-johnson-1.html
275,0.0,0.0,0.0,0.0,/players/linton-johnson-1.html
276,0.0,1.0,0.0,0.0,/players/wes-johnson-1.html
277,0.0,0.0,0.0,0.0,/players/dahntay-jones-1.html
278,0.0,0.0,0.0,0.0,/players/damian-jones-1.html
279,0.0,0.0,0.0,0.0,/players/dominique-jones-1.html
280,0.0,0.0,1.0,0.0,/players/eddie-jones-1.html
281,0.0,0.0,0.0,0.0,/players/herb-jones-3.html
282,0.0,0.0,0.0,0.0,/players/james-jones-1.html
283,0.0,0.0,0.0,1.0,/players/deandre-jordan-1.html
284,0.0,0.0,0.0,1.0,/players/cory-joseph-1.html
285,0.0,0.0,0.0,0.0,/players/chris-kaman-1.html
286,0.0,0.0,0.0,1.0,/players/jason-kapono-1.html
287,1.0,0.0,1.0,0.0,/players/sasha-kaun-1.html
288,0.0,0.0,1.0,0.0,/players/steve-kerr-1.html
289,0.0,1.0,0.0,1.0,/players/jason-kidd-1.html
290,1.0,1.0,1.0,1.0,/players/michael-kidd-gilchrist-1.html
291,0.0,0.0,0.0,0.0,/players/gerard-king-1.html
292,0.0,1.0,1.0,0.0,/players/stacey-king-1.html
293,0.0,2.0,0.0,0.0,/players/kerry-kittles-1.html
294,0.0,0.0,0.0,1.0,/players/joe-kleine-1.html
295,0.0,0.0,1.0,1.0,/players/brandon-knight-1.html
296,0.0,1.0,1.0,0.0,/players/brevin-knight-1.html
297,0.0,0.0,0.0,0.0,/players/travis-knight-1.html
298,0.0,1.0,0.0,0.0,/players/kyle-korver-1.html
299,0.0,0.0,0.0,0.0,/players/kyle-kuzma-1.html
300,0.0,0.0,0.0,0.0,/players/rusty-larue-1.html
301,0.0,0.0,0.0,1.0,/players/zach-lavine-1.html
302,2.0,2.0,4.0,1.0,/players/christian-laettner-1.html
303,0.0,0.0,0.0,0.0,/players/carl-landry-1.html
304,0.0,0.0,0.0,1.0,/players/david-lee-1.html
305,0.0,1.0,0.0,0.0,/players/kawhi-leonard-1.html
306,0.0,0.0,0.0,0.0,/players/reggie-lewis-1.html
307,0.0,0.0,0.0,0.0,/players/damian-lillard-1.html
308,0.0,0.0,0.0,0.0,/players/jeremy-lin-1.html
309,0.0,0.0,0.0,0.0,/players/luc-longley-1.html
310,0.0,0.0,0.0,1.0,/players/kevon-looney-1.html
311,0.0,0.0,1.0,1.0,/players/brook-lopez-1.html
312,0.0,1.0,1.0,1.0,/players/kevin-love-1.html
313,0.0,0.0,0.0,0.0,/players/kyle-lowry-1.html
314,0.0,0.0,0.0,0.0,/players/jordan-loyd-1.html
315,0.0,0.0,0.0,0.0,/players/tyronn-lue-1.html
316,0.0,1.0,0.0,1.0,/players/don-maclean-1.html
317,0.0,1.0,1.0,1.0,/players/mark-macon-1.html
318,0.0,0.0,1.0,0.0,/players/mark-madsen-1.html
319,1.0,0.0,0.0,0.0,/players/jamaal-magloire-1.html
320,0.0,0.0,0.0,0.0,/players/dan-majerle-1.html
321,0.0,0.0,1.0,0.0,/players/karl-malone-1.html
322,0.0,0.0,0.0,0.0,/players/matt-maloney-1.html
323,1.0,3.0,3.0,1.0,/players/danny-manning-1.html
324,0.0,0.0,0.0,1.0,/players/stephon-marbury-1.html
325,0.0,0.0,0.0,0.0,/players/shawn-marion-1.html
326,0.0,0.0,0.0,0.0,/players/lauri-markkanen-1.html
327,0.0,0.0,0.0,0.0,/players/sean-marks-1.html
328,0.0,1.0,0.0,1.0,/players/donyell-marshall-1.html
329,0.0,1.0,0.0,0.0,/players/kenyon-martin-1.html
330,0.0,1.0,2.0,1.0,/players/jamal-mashburn-1.html
331,0.0,0.0,0.0,0.0,/players/anthony-mason-1.html
332,0.0,0.0,0.0,0.0,/players/desmond-mason-1.html
333,0.0,0.0,0.0,0.0,/players/tony-massenburg-1.html
334,0.0,0.0,0.0,0.0,/players/vernon-maxwell-1.html
335,0.0,0.0,0.0,1.0,/players/oj-mayo-1.html
336,0.0,0.0,1.0,0.0,/players/travis-mays-1.html
337,0.0,0.0,0.0,1.0,/players/james-michael-mcadoo-1.html
338,0.0,0.0,0.0,0.0,/players/patrick-mccaw-1.html
339,0.0,0.0,0.0,0.0,/players/cj-mccollum-1.html
340,0.0,0.0,0.0,0.0,/players/jelani-mccoy-1.html
341,0.0,1.0,0.0,0.0,/players/xavier-mcdaniel-1.html
342,0.0,0.0,0.0,1.0,/players/antonio-mcdyess-1.html
343,0.0,0.0,0.0,0.0,/players/javale-mcgee-1.html
344,0.0,0.0,0.0,0.0,/players/derrick-mckey-1.html
345,0.0,0.0,1.0,0.0,/players/aaron-mckie-1.html
346,0.0,0.0,0.0,0.0,/players/nate-mcmillan-1.html
347,0.0,0.0,0.0,0.0,/players/jordan-mcrae-1.html
348,0.0,1.0,0.0,0.0,/players/jodie-meeks-1.html
349,1.0,1.0,1.0,1.0,/players/ron-mercer-1.html
350,0.0,0.0,0.0,0.0,/players/sam-merrill-1.html
351,0.0,0.0,0.0,0.0,/players/khris-middleton-1.html
352,0.0,1.0,0.0,1.0,/players/chris-mihm-1.html
353,0.0,1.0,1.0,0.0,/players/andre-miller-1.html
354,0.0,0.0,0.0,0.0,/players/brad-miller-1.html
355,0.0,0.0,0.0,0.0,/players/malcolm-miller-1.html
356,0.0,0.0,1.0,1.0,/players/mike-miller-1.html
357,0.0,0.0,0.0,0.0,/players/reggie-miller-1.html
358,0.0,0.0,0.0,0.0,/players/patrick-mills-1.html
359,0.0,0.0,0.0,1.0,/players/paul-millsap-1.html
360,0.0,0.0,0.0,0.0,/players/donovan-mitchell-1.html
361,0.0,0.0,1.0,0.0,/players/cuttino-mobley-1.html
362,0.0,1.0,1.0,0.0,/players/evan-mobley-1.html
363,2.0,0.0,0.0,0.0,/players/nazr-mohammed-1.html
364,0.0,0.0,0.0,1.0,/players/greg-monroe-1.html
365,1.0,2.0,2.0,1.0,/players/eric-montross-1.html
366,0.0,1.0,0.0,0.0,/players/temetrius-morant-1.html
367,0.0,0.0,0.0,0.0,/players/eric-moreland-1.html
368,0.0,0.0,0.0,0.0,/players/chris-morris-1.html
369,0.0,0.0,0.0,0.0,/players/markieff-morris-1.html
370,0.0,1.0,1.0,0.0,/players/adam-morrison-1.html
371,0.0,2.0,1.0,1.0,/players/alonzo-mourning-1.html
372,0.0,2.0,2.0,0.0,/players/chris-mullin-1.html
373,0.0,0.0,0.0,1.0,/players/dejounte-murray-1.html
374,0.0,0.0,0.0,0.0,/players/jamal-murray-1.html
375,0.0,0.0,0.0,0.0,/players/dikembe-mutombo-1.html
376,0.0,0.0,0.0,0.0,/players/steve-nash-1.html
377,0.0,0.0,0.0,0.0,/players/gary-neal-1.html
378,0.0,1.0,1.0,0.0,/players/jameer-nelson-1.html
379,2.0,1.0,1.0,0.0,/players/joakim-noah-1.html
380,0.0,0.0,0.0,1.0,/players/nerlens-noel-1.html
381,0.0,0.0,0.0,0.0,/players/kendrick-nunn-1.html
382,0.0,0.0,0.0,0.0,/players/jordan-nwora-1.html
383,0.0,2.0,0.0,1.0,/players/shaquille-oneal-1.html
384,0.0,0.0,0.0,1.0,/players/lamar-odom-1.html
385,1.0,1.0,2.0,0.0,/players/emeka-okafor-1.html
386,1.0,1.0,0.0,1.0,/players/jahlil-okafor-1.html
387,0.0,0.0,0.0,0.0,/players/isaac-okoro-1.html
388,0.0,1.0,0.0,0.0,/players/victor-oladipo-1.html
389,0.0,0.0,0.0,0.0,/players/michael-olowokandi-1.html
390,0.0,1.0,0.0,0.0,/players/kelly-olynyk-1.html
391,0.0,1.0,1.0,1.0,/players/billy-owens-1.html
392,0.0,0.0,0.0,0.0,/players/chandler-parsons-1.html
393,1.0,0.0,1.0,0.0,/players/eric-paschall-1.html
394,0.0,1.0,0.0,1.0,/players/chris-paul-1.html
395,0.0,0.0,0.0,0.0,/players/elfrid-payton-1.html
396,0.0,1.0,0.0,0.0,/players/gary-payton-1.html
397,0.0,0.0,0.0,0.0,/players/will-perdue-1.html
398,0.0,0.0,1.0,0.0,/players/chuck-person-1.html
399,0.0,0.0,0.0,0.0,/players/wesley-person-1.html
400,1.0,1.0,2.0,0.0,/players/morris-peterson-1.html
401,0.0,0.0,0.0,0.0,/players/richard-petruska-1.html
402,0.0,0.0,0.0,0.0,/players/bobby-phills-1.html
403,0.0,1.0,1.0,1.0,/players/paul-pierce-1.html
404,0.0,0.0,0.0,0.0,/players/dexter-pittman-1.html
405,1.0,1.0,1.0,1.0,/players/mason-plumlee-1.html
406,0.0,0.0,0.0,1.0,/players/scot-pollard-1.html
407,0.0,1.0,0.0,1.0,/players/bobby-portis-1.html
408,0.0,0.0,0.0,0.0,/players/james-posey-1.html
409,0.0,1.0,0.0,1.0,/players/leon-powe-1.html
410,0.0,0.0,0.0,0.0,/players/josh-powell-1.html
411,0.0,0.0,0.0,0.0,/players/norman-powell-1.html
412,0.0,1.0,2.0,0.0,/players/mark-price-1.html
413,0.0,1.0,0.0,1.0,/players/tayshaun-prince-1.html
414,0.0,0.0,0.0,1.0,/players/gabe-pruitt-1.html
415,0.0,0.0,0.0,0.0,/players/immanuel-quickley-1.html
416,0.0,0.0,1.0,0.0,/players/julius-randle-1.html
417,0.0,0.0,0.0,1.0,/players/zach-randolph-1.html
418,0.0,0.0,0.0,0.0,/players/theo-ratliff-1.html
419,0.0,0.0,1.0,0.0,/players/michael-redd-1.html
420,0.0,0.0,1.0,0.0,/players/bryant-reeves-1.html
421,0.0,1.0,3.0,1.0,/players/jr-reid-1.html
422,1.0,1.0,1.0,1.0,/players/glen-rice-1.html
423,1.0,1.0,0.0,1.0,/players/jason-richardson-1.html
424,0.0,0.0,0.0,1.0,/players/pooh-richardson-1.html
425,0.0,1.0,1.0,0.0,/players/mitch-richmond-1.html
426,0.0,1.0,0.0,0.0,/players/isaiah-rider-1.html
427,0.0,0.0,0.0,0.0,/players/eric-riley-1.html
428,0.0,0.0,0.0,0.0,/players/andre-roberson-1.html
429,0.0,0.0,0.0,1.0,/players/stanley-roberts-1.html
430,0.0,0.0,0.0,0.0,/players/clifford-robinson-1.html
431,0.0,2.0,1.0,0.0,/players/david-robinson-1.html
432,0.0,2.0,1.0,1.0,/players/glenn-robinson-1.html
433,0.0,0.0,0.0,0.0,/players/larry-robinson-1.html
434,0.0,1.0,0.0,1.0,/players/rodney-rogers-1.html
435,0.0,0.0,0.0,1.0,/players/rajon-rondo-1.html
436,0.0,0.0,1.0,1.0,/players/derrick-rose-1.html
437,0.0,1.0,2.0,1.0,/players/jalen-rose-1.html
438,0.0,0.0,0.0,0.0,/players/malik-rose-1.html
439,0.0,1.0,0.0,0.0,/players/brandon-roy-1.html
440,1.0,0.0,2.0,0.0,/players/brandon-rush-1.html
441,0.0,1.0,0.0,0.0,/players/dangelo-russell-1.html
442,0.0,0.0,2.0,0.0,/players/domantas-sabonis-1.html
443,0.0,0.0,1.0,0.0,/players/john-salley-1.html
444,0.0,0.0,1.0,0.0,/players/brian-scalabrine-1.html
445,0.0,0.0,1.0,0.0,/players/detlef-schrempf-1.html
446,0.0,1.0,1.0,1.0,/players/dennis-scott-1.html
447,0.0,1.0,1.0,0.0,/players/rony-seikaly-1.html
448,0.0,0.0,0.0,0.0,/players/collin-sexton-1.html
449,0.0,0.0,0.0,0.0,/players/landry-shamet-1.html
450,0.0,0.0,0.0,0.0,/players/brian-shaw-1.html
451,0.0,0.0,0.0,1.0,/players/iman-shumpert-1.html
452,0.0,0.0,0.0,0.0,/players/pascal-siakam-1.html
453,0.0,1.0,1.0,1.0,/players/wayne-simien-1.html
454,0.0,1.0,0.0,1.0,/players/ben-simmons-1.html
455,0.0,0.0,0.0,0.0,/players/bobby-simmons-1.html
456,0.0,2.0,0.0,0.0,/players/lionel-simmons-1.html
457,0.0,0.0,0.0,0.0,/players/dickey-simpkins-1.html
458,1.0,0.0,0.0,1.0,/players/kyle-singler-1.html
459,0.0,1.0,1.0,0.0,/players/scott-skiles-1.html
460,0.0,1.0,0.0,0.0,/players/marcus-smart-1.html
461,0.0,0.0,0.0,1.0,/players/charles-smith-1.html
462,0.0,0.0,1.0,0.0,/players/craig-smith-1.html
463,0.0,0.0,0.0,0.0,/players/dennis-smithjr-1.html
464,0.0,1.0,0.0,1.0,/players/joe-smith-1.html
465,0.0,1.0,1.0,1.0,/players/kenny-smith-1.html
466,0.0,1.0,1.0,0.0,/players/steve-smith-1.html
467,0.0,0.0,0.0,0.0,/players/rik-smits-1.html
468,0.0,0.0,0.0,0.0,/players/mike-smrek-1.html
469,0.0,0.0,0.0,0.0,/players/eric-snow-1.html
470,1.0,0.0,0.0,0.0,/players/marreese-speights-1.html
471,0.0,0.0,0.0,1.0,/players/felton-spencer-1.html
472,0.0,0.0,0.0,0.0,/players/latrell-sprewell-1.html
473,0.0,1.0,1.0,1.0,/players/jerry-stackhouse-1.html
474,0.0,0.0,0.0,0.0,/players/john-starks-1.html
475,0.0,0.0,0.0,1.0,/players/matt-steigenga-1.html
476,0.0,0.0,0.0,0.0,/players/isaiah-stewart-2.html
477,0.0,0.0,0.0,0.0,/players/larry-stewart-1.html
478,0.0,1.0,1.0,0.0,/players/damon-stoudamire-1.html
479,0.0,0.0,0.0,1.0,/players/rod-strickland-1.html
480,0.0,0.0,0.0,0.0,/players/rodney-stuckey-1.html
481,0.0,1.0,1.0,0.0,/players/wally-szczerbiak-1.html
482,0.0,0.0,0.0,0.0,/players/roy-tarpley-1.html
483,0.0,0.0,0.0,0.0,/players/jaesean-tate-1.html
484,0.0,0.0,0.0,0.0,/players/jayson-tatum-1.html
485,0.0,0.0,0.0,1.0,/players/maurice-taylor-1.html
486,0.0,1.0,0.0,0.0,/players/jeff-teague-1.html
487,1.0,1.0,0.0,0.0,/players/jason-terry-1.html
488,0.0,0.0,0.0,0.0,/players/isaiah-thomas-1.html
489,0.0,0.0,0.0,1.0,/players/tim-thomas-1.html
490,0.0,0.0,1.0,0.0,/players/tyrus-thomas-1.html
491,1.0,0.0,1.0,1.0,/players/billy-thompson-1.html
492,0.0,0.0,0.0,0.0,/players/klay-thompson-1.html
493,0.0,0.0,0.0,1.0,/players/tristan-thompson-2.html
494,0.0,0.0,0.0,0.0,/players/al-thornton-1.html
495,0.0,0.0,0.0,0.0,/players/marcus-thornton-1.html
496,0.0,0.0,0.0,0.0,/players/matisse-thybulle-1.html
497,0.0,1.0,1.0,0.0,/players/jamaal-tinsley-1.html
498,0.0,1.0,1.0,1.0,/players/karl-anthony-towns-1.html
499,0.0,1.0,1.0,0.0,/players/pj-tucker-1.html
500,0.0,0.0,0.0,0.0,/players/ronny-turiaf-1.html
501,0.0,0.0,0.0,1.0,/players/myles-turner-1.html
502,0.0,0.0,2.0,0.0,/players/nick-van-exel-1.html
503,0.0,2.0,1.0,0.0,/players/keith-van-horn-1.html
504,0.0,0.0,0.0,0.0,/players/fred-van-vleet-1.html
505,0.0,0.0,0.0,0.0,/players/jarvis-varnado-1.html
506,0.0,2.0,1.0,1.0,/players/jacque-vaughn-1.html
507,1.0,0.0,0.0,0.0,/players/charlie-villanueva-1.html
508,0.0,0.0,0.0,1.0,/players/sam-vincent-1.html
509,0.0,0.0,0.0,0.0,/players/nikola-vucevic-1.html
510,0.0,1.0,1.0,0.0,/players/dwyane-wade-1.html
511,0.0,0.0,0.0,0.0,/players/franz-wagner-1.html
512,1.0,0.0,0.0,1.0,/players/milt-wagner-1.html
513,0.0,0.0,0.0,1.0,/players/dion-waiters-1.html
514,1.0,0.0,1.0,1.0,/players/antoine-walker-1.html
515,1.0,1.0,2.0,1.0,/players/kemba-walker-1.html
516,0.0,0.0,0.0,1.0,/players/samaki-walker-1.html
517,0.0,1.0,1.0,0.0,/players/john-wall-1.html
518,0.0,0.0,0.0,1.0,/players/gerald-wallace-1.html
519,0.0,1.0,1.0,1.0,/players/rasheed-wallace-1.html
520,0.0,0.0,1.0,0.0,/players/luke-walton-1.html
521,0.0,0.0,1.0,0.0,/players/pj-washington-1.html
522,0.0,0.0,0.0,0.0,/players/clarence-weatherspoon-1.html
523,0.0,1.0,2.0,1.0,/players/chris-webber-1.html
524,0.0,0.0,0.0,1.0,/players/bill-wennington-1.html
525,0.0,2.0,0.0,0.0,/players/david-west-1.html
526,0.0,0.0,1.0,0.0,/players/russell-westbrook-1.html
527,0.0,0.0,0.0,0.0,/players/coby-white-1.html
528,0.0,0.0,0.0,1.0,/players/james-white-1.html
529,0.0,0.0,0.0,0.0,/players/hassan-whiteside-1.html
530,0.0,1.0,0.0,1.0,/players/andrew-wiggins-1.html
531,0.0,0.0,0.0,0.0,/players/mike-wilks-1.html
532,0.0,0.0,0.0,0.0,/players/brandon-williams-1.html
533,0.0,0.0,0.0,0.0,/players/corey-williams-1.html
534,0.0,1.0,1.0,0.0,/players/deron-williams-1.html
535,0.0,1.0,1.0,0.0,/players/derrick-williams-2.html
536,0.0,0.0,0.0,0.0,/players/hot-rod-williams-1.html
537,0.0,0.0,0.0,0.0,/players/jason-williams-1.html
538,1.0,2.0,1.0,1.0,/players/jay-williams-1.html
539,0.0,0.0,0.0,0.0,/players/jayson-williams-1.html
540,1.0,0.0,1.0,0.0,/players/marcus-williams-1.html
541,1.0,0.0,0.0,1.0,/players/marvin-williams-1.html
542,0.0,0.0,0.0,0.0,/players/micheal-williams-1.html
543,0.0,0.0,0.0,1.0,/players/mo-williams-1.html
544,0.0,0.0,0.0,0.0,/players/patrick-williams-2.html
545,0.0,0.0,0.0,0.0,/players/robert-williams-3.html
546,0.0,0.0,0.0,1.0,/players/scott-williams-1.html
547,0.0,1.0,0.0,0.0,/players/walt-williams-1.html
548,1.0,2.0,2.0,1.0,/players/corliss-williamson-1.html
549,0.0,1.0,1.0,0.0,/players/zion-williamson-1.html
550,1.0,0.0,1.0,1.0,/players/justise-winslow-1.html
551,0.0,0.0,0.0,1.0,/players/ron-artest-1.html
552,0.0,0.0,0.0,1.0,/players/sharone-wright-1.html
553,0.0,0.0,0.0,0.0,/players/nick-young-1.html
554,0.0,0.0,0.0,1.0,/players/thaddeus-young-1.html
555,0.0,1.0,0.0,0.0,/players/trae-young-1.html
556,0.0,1.0,0.0,1.0,/players/cody-zeller-1.html
557,1.0,1.0,2.0,1.0,/players/tyler-zeller-1.html
